project_id,tokens,matched,unmatched,ambiguous
1,66,66,0,0
2,45,44,1,0
3,158,142,16,0
4,255,227,28,0
5,46,38,8,0
6,49,41,8,0
7,172,110,62,0
8,23,12,11,0
9,149,93,56,0
10,93,59,34,0
11,292,212,80,0
12,404,299,105,0
13,229,161,68,0
14,17,14,3,0
15,72,48,24,0
16,48,44,4,0
17,144,107,37,0
18,58,49,9,0
19,85,69,16,0
20,82,70,12,0
21,418,260,158,0
22,915,562,353,0
23,49,47,2,0
24,191,140,51,0
25,102,76,26,0
26,85,75,10,0
27,23,22,1,0
28,441,395,46,0
29,8,7,1,0
30,116,91,25,0
31,64,55,9,0
32,54,46,8,0
33,1296,0,1296,0
34,172,151,21,0
35,172,124,48,0
36,418,308,110,0
42,206,0,206,0
43,289,0,289,0
44,36,26,10,0
