id,project_key,repository_id,sprints,valid_closed,first_start,last_end,unusual_duration,activated_diff_gt_day
1,XD,1,66,66,2013-04-15 20:41:22+00:00,2016-02-26 08:34:00+00:00,0,0
2,DATACASS,1,54,53,2013-05-29 18:56:00+00:00,2020-10-07 00:45:00+00:00,1,0
3,NEXUS,2,143,142,2013-08-28 21:01:31+00:00,2020-03-31 20:13:00+00:00,0,0
4,MESOS,3,227,225,2014-05-05 18:00:16+00:00,2020-03-25 15:51:00+00:00,0,0
5,USERGRID,3,38,36,2013-07-10 01:38:14+00:00,2016-02-22 17:09:00+00:00,0,0
6,MXNET,3,41,38,2018-02-27 17:43:56+00:00,2019-04-22 15:26:00+00:00,0,0
7,ALOY,4,118,118,2013-07-16 15:31:18+00:00,2020-10-09 15:30:00+00:00,0,0
8,APSTUD,4,12,12,2013-10-08 00:24:28+00:00,2018-08-13 06:35:00+00:00,0,0
9,CLI,4,98,98,2015-03-28 00:00:54+00:00,2020-10-23 16:34:00+00:00,0,0
10,DAEMON,4,62,62,2016-02-13 01:31:30+00:00,2020-06-19 21:06:00+00:00,0,0
11,TIDOC,4,217,214,2013-08-14 00:48:00+00:00,2020-02-28 09:48:00+00:00,1,0
12,TIMOB,4,301,300,2012-09-27 04:26:47+00:00,2020-11-07 02:33:00+00:00,0,0
13,TISTUD,4,163,163,2012-09-27 05:26:47+00:00,2020-05-22 16:37:00+00:00,0,0
14,BAM,5,14,11,2013-07-23 03:33:10+00:00,2014-02-17 02:59:00+00:00,0,0
15,CLOV,5,48,48,0015-08-10 09:02:03+00:00,2016-03-10 23:26:00+00:00,0,0
16,CWD,5,44,44,1970-01-01 00:05:00+00:00,2014-10-06 01:31:00+00:00,1,0
17,FE,5,109,108,2012-06-27 01:54:00+00:00,2020-07-24 19:54:00+00:00,0,0
18,JRASERVER,5,50,50,2014-07-01 00:20:02+00:00,2017-11-12 00:40:00+00:00,0,0
19,JSWCLOUD,5,74,74,1970-01-01 00:05:00+00:00,2018-04-04 03:42:00+00:00,1,0
20,JSWSERVER,5,70,70,1970-01-01 00:05:00+00:00,2017-10-01 01:22:00+00:00,1,0
21,CONFCLOUD,5,477,467,2012-06-05 02:43:00+00:00,2020-10-26 17:47:00+00:00,2,0
22,CONFSERVER,5,565,558,2012-06-05 02:43:00+00:00,2020-10-25 23:19:00+00:00,1,0
23,BE,6,47,45,2018-02-12 13:40:30+00:00,2020-11-03 21:02:00+00:00,0,0
24,FAB,6,142,128,2015-11-23 08:00:28+00:00,2021-05-29 19:03:00+00:00,5,0
25,INDY,6,76,74,2017-05-24 17:40:06+00:00,2020-04-10 10:22:00+00:00,0,0
26,IS,6,75,73,2017-07-04 03:41:53+00:00,2020-04-10 13:21:00+00:00,0,0
27,STL,6,22,22,2017-05-08 20:44:50+00:00,2018-09-28 16:17:00+00:00,0,0
28,DM,7,396,388,2014-03-01 17:15:00+00:00,2020-10-31 16:21:00+00:00,6,0
29,DURACLOUD,8,7,4,2013-06-12 08:43:27+00:00,2016-04-29 12:35:00+00:00,0,0
30,COMPASS,9,91,89,2016-08-06 00:12:22+00:00,2020-10-28 10:57:00+00:00,0,0
31,CXX,9,56,56,2014-11-13 22:08:58+00:00,2018-03-12 18:29:00+00:00,0,0
32,JAVA,9,46,46,2012-06-25 17:16:40+00:00,2018-04-10 19:19:00+00:00,3,0
33,SERVER,9,0,0,,,0,0
34,MDL,10,151,146,2013-06-07 02:16:23+00:00,2020-10-26 03:12:00+00:00,0,0
35,APIKIT,11,124,122,2012-07-10 17:15:00+00:00,2020-08-26 21:14:00+00:00,0,0
36,MULE,11,311,298,2012-07-10 17:15:00+00:00,2020-07-15 14:53:00+00:00,0,0
42,DNN,13,0,0,,,0,0
43,EVG,9,0,0,,,0,0
44,JRACLOUD,5,59,59,2014-06-30 23:20:02+00:00,2018-04-04 02:42:00+00:00,0,0
