id,issue_id,project_id,creation_date,from_value,to_value,from_string,to_string
99,89,1,2016-02-22 15:46:19+00:00,,108,,Sprint 68
110,90,1,2016-02-17 14:30:38+00:00,,108,,Sprint 68
119,91,1,2016-02-17 05:23:02+00:00,,108,,Sprint 68
131,92,1,2016-02-13 19:10:36+00:00,,108,,Sprint 68
135,93,1,2016-02-12 17:49:16+00:00,,107,,Sprint 67
137,93,1,2016-02-13 19:10:03+00:00,107,108,Sprint 67,Sprint 68
146,94,1,2016-02-05 16:17:13+00:00,,107,,Sprint 67
158,95,1,2016-02-13 19:10:10+00:00,107,108,Sprint 67,Sprint 68
169,96,1,2016-02-02 17:57:51+00:00,,107,,Sprint 67
186,98,1,2016-01-20 18:45:56+00:00,,107,,Sprint 65
189,98,1,2016-02-01 14:14:12+00:00,107,,Sprint 67,
192,99,1,2016-01-15 20:02:00+00:00,,107,,Sprint 65
202,100,1,2016-01-14 14:24:38+00:00,,107,,Sprint 65
212,101,1,2016-01-13 23:26:33+00:00,,107,,Sprint 65
216,101,1,2016-01-14 14:26:28+00:00,107,,Sprint 65,
221,102,1,2016-01-16 19:26:10+00:00,,107,,Sprint 65
231,108,1,2015-12-17 18:19:36+00:00,,106,,Sprint 64
241,111,1,2016-01-16 19:26:19+00:00,,107,,Sprint 65
244,111,1,2016-01-31 01:30:48+00:00,107,,Sprint 67,
248,112,1,2016-01-04 12:29:38+00:00,,107,,Sprint 65
259,114,1,2016-01-04 12:29:47+00:00,,107,,Sprint 65
268,115,1,2015-12-12 19:47:40+00:00,,106,,Sprint 64
270,115,1,2015-12-17 18:20:24+00:00,106,107,Sprint 64,Sprint 65
271,115,1,2016-02-01 15:14:12+00:00,107,,Sprint 67,
283,117,1,2015-12-12 19:47:36+00:00,,106,,Sprint 64
285,117,1,2015-12-17 18:20:24+00:00,106,107,Sprint 64,Sprint 65
295,118,1,2015-11-30 15:11:51+00:00,,103,,Sprint 63
318,120,1,2015-11-27 14:46:59+00:00,,103,,Sprint 63
319,120,1,2015-11-30 04:15:41+00:00,103,,Sprint 63,
322,120,1,2015-12-12 19:47:25+00:00,,106,,Sprint 64
323,120,1,2015-12-17 18:20:15+00:00,106,107,Sprint 64,Sprint 65
325,120,1,2016-02-01 15:12:11+00:00,107,,Sprint 67,
334,123,1,2015-11-27 14:38:16+00:00,,103,,Sprint 63
335,123,1,2015-11-30 04:15:41+00:00,103,,Sprint 63,
338,123,1,2015-12-12 19:47:25+00:00,,106,,Sprint 64
339,123,1,2015-12-17 18:19:49+00:00,106,107,Sprint 64,Sprint 65
341,123,1,2016-02-01 15:12:11+00:00,107,,Sprint 67,
349,124,1,2015-11-21 17:46:00+00:00,,103,,Sprint 63
356,124,1,2015-12-12 19:47:25+00:00,103,"103, 106",Sprint 63,"Sprint 63, Sprint 64"
370,126,1,2015-11-16 15:04:26+00:00,102,103,Sprint 62,Sprint 63
373,126,1,2015-11-29 19:24:11+00:00,103,,Sprint 63,
378,127,1,2015-11-13 23:53:55+00:00,101,,Sprint 61,
379,127,1,2015-11-13 23:53:55+00:00,,102,,Sprint 62
383,127,1,2015-11-16 16:13:38+00:00,102,,Sprint 62,
401,131,1,2015-11-16 21:14:18+00:00,,102,,Sprint 62
410,132,1,2015-11-11 21:19:10+00:00,,101,,Sprint 61
421,134,1,2015-11-10 15:22:57+00:00,102,101,Sprint 62,Sprint 61
438,136,1,2015-11-09 20:22:30+00:00,,101,,Sprint 61
444,136,1,2015-11-13 23:55:14+00:00,101,,Sprint 61,
445,136,1,2015-11-13 23:55:14+00:00,,102,,Sprint 62
451,137,1,2015-11-13 23:56:15+00:00,101,,Sprint 61,
452,137,1,2015-11-13 23:56:15+00:00,,102,,Sprint 62
469,140,1,2015-11-06 16:17:04+00:00,102,101,Sprint 62,Sprint 61
479,141,1,2015-11-13 23:56:58+00:00,101,,Sprint 61,
480,141,1,2015-11-13 23:56:58+00:00,,102,,Sprint 62
482,141,1,2015-11-14 18:26:14+00:00,102,103,Sprint 62,Sprint 63
484,141,1,2015-11-15 21:08:16+00:00,103,102,Sprint 63,Sprint 62
492,142,1,2015-11-06 02:17:35+00:00,,101,,Sprint 61
493,142,1,2015-11-13 23:53:58+00:00,101,,Sprint 61,
494,142,1,2015-11-13 23:53:58+00:00,,102,,Sprint 62
506,143,1,2015-11-05 21:49:40+00:00,,101,,Sprint 61
511,143,1,2015-11-13 23:54:23+00:00,101,,Sprint 61,
512,143,1,2015-11-13 23:54:23+00:00,,102,,Sprint 62
525,144,1,2015-11-06 00:14:17+00:00,,101,,Sprint 61
529,146,1,2015-11-04 16:57:52+00:00,,101,,Sprint 61
545,148,1,2015-11-02 21:02:41+00:00,,101,,Sprint 61
577,151,1,2015-11-06 17:28:04+00:00,102,,Sprint 62,
583,152,1,2015-11-06 17:27:51+00:00,102,,Sprint 62,
594,153,1,2015-11-13 23:56:04+00:00,101,,Sprint 61,
595,153,1,2015-11-13 23:56:04+00:00,,102,,Sprint 62
600,153,1,2015-11-16 16:10:39+00:00,102,,Sprint 62,
604,154,1,2015-11-02 17:35:46+00:00,101,102,Sprint 61,Sprint 62
609,154,1,2015-11-06 17:27:40+00:00,102,,Sprint 62,
616,155,1,2015-11-02 17:35:36+00:00,101,102,Sprint 61,Sprint 62
623,155,1,2015-11-06 17:27:32+00:00,102,,Sprint 62,
628,156,1,2015-11-13 20:58:44+00:00,102,103,Sprint 62,Sprint 63
630,156,1,2015-11-29 19:24:11+00:00,103,,Sprint 63,
635,157,1,2015-11-13 20:58:41+00:00,102,103,Sprint 62,Sprint 63
637,157,1,2015-11-29 19:24:11+00:00,103,,Sprint 63,
645,158,1,2015-11-14 18:03:29+00:00,102,,Sprint 62,
662,160,1,2015-11-13 23:54:30+00:00,101,,Sprint 61,
663,160,1,2015-11-13 23:54:30+00:00,,102,,Sprint 62
675,161,1,2015-11-13 23:54:27+00:00,101,,Sprint 61,
676,161,1,2015-11-13 23:54:27+00:00,,102,,Sprint 62
680,161,1,2015-11-27 16:05:21+00:00,102,,Sprint 62,
681,161,1,2015-11-27 16:05:21+00:00,,103,,Sprint 63
693,162,1,2015-11-02 17:39:11+00:00,101,102,Sprint 61,Sprint 62
697,162,1,2015-11-16 16:12:41+00:00,102,,Sprint 62,
714,164,1,2015-11-13 15:28:55+00:00,101,,Sprint 61,
715,164,1,2015-11-13 15:28:55+00:00,,102,,Sprint 62
727,165,1,2015-10-30 23:24:00+00:00,101,102,Sprint 61,Sprint 62
731,165,1,2015-11-16 16:12:34+00:00,102,,Sprint 62,
736,166,1,2015-11-02 15:59:43+00:00,101,102,Sprint 61,Sprint 62
738,166,1,2015-11-13 21:31:12+00:00,102,103,Sprint 62,Sprint 63
742,166,1,2015-11-24 14:47:46+00:00,103,,Sprint 63,
746,167,1,2015-10-30 23:23:43+00:00,101,102,Sprint 61,Sprint 62
750,167,1,2015-11-16 16:12:28+00:00,102,,Sprint 62,
754,168,1,2015-11-10 19:32:46+00:00,101,,Sprint 61,
755,168,1,2015-11-10 19:32:46+00:00,,102,,Sprint 62
759,168,1,2015-11-16 16:11:03+00:00,102,,Sprint 62,
