fold,project,partition
APIKIT,APIKIT,test
APIKIT,COMPASS,validation
APIKIT,CONFCLOUD,validation
APIKIT,CONFSERVER,train
APIKIT,DM,train
APIKIT,INDY,train
APIKIT,IS,train
APIKIT,MESOS,train
APIKIT,MULE,train
APIKIT,NEXUS,train
APIKIT,TIDOC,train
APIKIT,TIMOB,train
APIKIT,TISTUD,train
APIKIT,XD,train
COMPASS,APIKIT,train
COMPASS,COMPASS,test
COMPASS,CONFCLOUD,validation
COMPASS,CONFSERVER,train
COMPASS,DM,train
COMPASS,INDY,train
COMPASS,IS,train
COMPASS,MESOS,train
COMPASS,MULE,train
COMPASS,NEXUS,train
COMPASS,TIDOC,train
COMPASS,TIMOB,train
COMPASS,TISTUD,validation
COMPASS,XD,train
CONFCLOUD,APIKIT,train
CONFCLOUD,COMPASS,train
CONFCLOUD,CONFCLOUD,test
CONFCLOUD,CONFSERVER,train
CONFCLOUD,DM,train
CONFCLOUD,INDY,train
CONFCLOUD,IS,validation
CONFCLOUD,MESOS,train
CONFCLOUD,MULE,train
CONFCLOUD,NEXUS,train
CONFCLOUD,TIDOC,train
CONFCLOUD,TIMOB,validation
CONFCLOUD,TISTUD,train
CONFCLOUD,XD,train
CONFSERVER,APIKIT,train
CONFSERVER,COMPASS,train
CONFSERVER,CONFCLOUD,train
CONFSERVER,CONFSERVER,test
CONFSERVER,DM,train
CONFSERVER,INDY,train
CONFSERVER,IS,train
CONFSERVER,MESOS,train
CONFSERVER,MULE,train
CONFSERVER,NEXUS,train
CONFSERVER,TIDOC,validation
CONFSERVER,TIMOB,train
CONFSERVER,TISTUD,train
CONFSERVER,XD,validation
DM,APIKIT,train
DM,COMPASS,train
DM,CONFCLOUD,validation
DM,CONFSERVER,train
DM,DM,test
DM,INDY,validation
DM,IS,train
DM,MESOS,train
DM,MULE,train
DM,NEXUS,train
DM,TIDOC,train
DM,TIMOB,train
DM,TISTUD,train
DM,XD,train
INDY,APIKIT,train
INDY,COMPASS,train
INDY,CONFCLOUD,validation
INDY,CONFSERVER,train
INDY,DM,train
INDY,INDY,test
INDY,IS,train
INDY,MESOS,train
INDY,MULE,train
INDY,NEXUS,train
INDY,TIDOC,train
INDY,TIMOB,validation
INDY,TISTUD,train
INDY,XD,train
IS,APIKIT,train
IS,COMPASS,train
IS,CONFCLOUD,train
IS,CONFSERVER,train
IS,DM,train
IS,INDY,train
IS,IS,test
IS,MESOS,train
IS,MULE,train
IS,NEXUS,train
IS,TIDOC,validation
IS,TIMOB,validation
IS,TISTUD,train
IS,XD,train
MESOS,APIKIT,train
MESOS,COMPASS,validation
MESOS,CONFCLOUD,train
MESOS,CONFSERVER,train
MESOS,DM,train
MESOS,INDY,train
MESOS,IS,train
MESOS,MESOS,test
MESOS,MULE,train
MESOS,NEXUS,train
MESOS,TIDOC,train
MESOS,TIMOB,train
MESOS,TISTUD,validation
MESOS,XD,train
MULE,APIKIT,train
MULE,COMPASS,train
MULE,CONFCLOUD,train
MULE,CONFSERVER,train
MULE,DM,validation
MULE,INDY,train
MULE,IS,train
MULE,MESOS,train
MULE,MULE,test
MULE,NEXUS,validation
MULE,TIDOC,train
MULE,TIMOB,train
MULE,TISTUD,train
MULE,XD,train
NEXUS,APIKIT,train
NEXUS,COMPASS,validation
NEXUS,CONFCLOUD,train
NEXUS,CONFSERVER,train
NEXUS,DM,train
NEXUS,INDY,train
NEXUS,IS,validation
NEXUS,MESOS,train
NEXUS,MULE,train
NEXUS,NEXUS,test
NEXUS,TIDOC,train
NEXUS,TIMOB,train
NEXUS,TISTUD,train
NEXUS,XD,train
TIDOC,APIKIT,train
TIDOC,COMPASS,train
TIDOC,CONFCLOUD,train
TIDOC,CONFSERVER,validation
TIDOC,DM,validation
TIDOC,INDY,train
TIDOC,IS,train
TIDOC,MESOS,train
TIDOC,MULE,train
TIDOC,NEXUS,train
TIDOC,TIDOC,test
TIDOC,TIMOB,train
TIDOC,TISTUD,train
TIDOC,XD,train
TIMOB,APIKIT,train
TIMOB,COMPASS,train
TIMOB,CONFCLOUD,train
TIMOB,CONFSERVER,train
TIMOB,DM,validation
TIMOB,INDY,validation
TIMOB,IS,train
TIMOB,MESOS,train
TIMOB,MULE,train
TIMOB,NEXUS,train
TIMOB,TIDOC,train
TIMOB,TIMOB,test
TIMOB,TISTUD,train
TIMOB,XD,train
TISTUD,APIKIT,train
TISTUD,COMPASS,train
TISTUD,CONFCLOUD,train
TISTUD,CONFSERVER,train
TISTUD,DM,train
TISTUD,INDY,train
TISTUD,IS,validation
TISTUD,MESOS,train
TISTUD,MULE,validation
TISTUD,NEXUS,train
TISTUD,TIDOC,train
TISTUD,TIMOB,train
TISTUD,TISTUD,test
TISTUD,XD,train
XD,APIKIT,train
XD,COMPASS,train
XD,CONFCLOUD,train
XD,CONFSERVER,train
XD,DM,train
XD,INDY,train
XD,IS,validation
XD,MESOS,validation
XD,MULE,train
XD,NEXUS,train
XD,TIDOC,train
XD,TIMOB,train
XD,TISTUD,train
XD,XD,test
