project,instances,sprints,positive,negative,eligible,reasons
ALOY,109,30,24,85,False,fewer_than_50_sprints;fewer_than_200_instances;fewer_than_30_per_class
APIKIT,299,75,78,221,True,
APSTUD,11,7,2,9,False,fewer_than_50_sprints;fewer_than_200_instances;fewer_than_30_per_class
BAM,29,7,17,12,False,fewer_than_50_sprints;fewer_than_200_instances;fewer_than_30_per_class
BE,267,39,95,172,False,fewer_than_50_sprints
CLI,117,40,49,68,False,fewer_than_50_sprints;fewer_than_200_instances
CLOV,78,31,26,52,False,fewer_than_50_sprints;fewer_than_200_instances;fewer_than_30_per_class
COMPASS,729,70,416,313,True,
CONFCLOUD,367,101,244,123,True,
CONFSERVER,1019,289,708,311,True,
CWD,67,19,30,37,False,fewer_than_50_sprints;fewer_than_200_instances
CXX,279,36,90,189,False,fewer_than_50_sprints
DAEMON,25,13,11,14,False,fewer_than_50_sprints;fewer_than_200_instances;fewer_than_30_per_class
DATACASS,58,15,28,30,False,fewer_than_50_sprints;fewer_than_200_instances;fewer_than_30_per_class
DM,5222,288,2824,2398,True,
DURACLOUD,16,3,0,16,False,fewer_than_50_sprints;fewer_than_200_instances;fewer_than_30_per_class
FAB,210,45,132,78,False,fewer_than_50_sprints
FE,171,67,82,89,False,fewer_than_200_instances
INDY,850,71,406,444,True,
IS,643,65,306,337,True,
JAVA,154,24,40,114,False,fewer_than_50_sprints;fewer_than_200_instances
JRACLOUD,28,9,14,14,False,fewer_than_50_sprints;fewer_than_200_instances;fewer_than_30_per_class
JRASERVER,189,28,108,81,False,fewer_than_50_sprints;fewer_than_200_instances
JSWCLOUD,191,28,30,161,False,fewer_than_50_sprints;fewer_than_200_instances
JSWSERVER,228,28,30,198,False,fewer_than_50_sprints
MDL,545,47,326,219,False,fewer_than_50_sprints
MESOS,1268,122,725,543,True,
MULE,1807,214,468,1339,True,
MXNET,121,22,72,49,False,fewer_than_50_sprints;fewer_than_200_instances
NEXUS,525,95,133,392,True,
STL,582,22,228,354,False,fewer_than_50_sprints
TIDOC,786,157,352,434,True,
TIMOB,2733,230,1467,1266,True,
TISTUD,836,119,268,568,True,
USERGRID,350,33,63,287,False,fewer_than_50_sprints
XD,1238,66,255,983,True,
