experiment,landmark,model,q,sprints,sprints_with_positive,recall_macro_sprint,precision_macro_sprint,false_alerts_per_sprint,realized_budget,recall_micro,precision_micro,lead_days_macro_sprint,recall_macro_project,precision_macro_project
cross_project,0.0,business_rule,0.1,1962,1656,0.29758036750009803,0.5138609776224455,0.735474006116208,0.32879890363071224,0.1730635838150289,0.5091836734693878,14.048075147874156,0.2987260918893907,0.49625956833966045
cross_project,0.0,business_rule,0.2,1962,1656,0.3615320032159138,0.5108827660050901,1.163098878695209,0.3855169494350484,0.26416184971098267,0.50032844317933,14.116292417271472,0.36649397318329857,0.49259733007495105
cross_project,0.0,business_rule,0.3,1962,1656,0.4543120259505096,0.5158532687089982,1.636085626911315,0.46836810402104134,0.3745664739884393,0.5023255813953489,14.146282801488901,0.45742439791656414,0.49374356910330025
cross_project,0.0,dynamic_catboost,0.1,1962,1656,0.3518219711150567,0.612172952769283,0.5596330275229358,0.32879890363071224,0.21294797687861272,0.6265306122448979,14.108705286407492,0.35149848491725233,0.5843937815509659
cross_project,0.0,dynamic_catboost,0.2,1962,1656,0.439477653911132,0.6025245354373796,0.8955147808358818,0.3855169494350484,0.3248554913294798,0.6152835559448215,14.02724256848333,0.4423047695544756,0.576079432070583
cross_project,0.0,dynamic_catboost,0.3,1962,1656,0.5391539701122914,0.5891095959150016,1.3307849133537206,0.46836810402104134,0.4438150289017341,0.5951937984496124,14.05519665941655,0.5398503417667845,0.562711033194196
cross_project,0.0,dynamic_no_cohort,0.1,1962,1656,0.3529066031372543,0.6143730886850152,0.5575942915392457,0.32879890363071224,0.21341040462427746,0.6278911564625851,14.086164828275098,0.35087059995953646,0.584326275612878
cross_project,0.0,dynamic_no_cohort,0.2,1962,1656,0.4412190864636526,0.6038919668506824,0.9021406727828746,0.3855169494350484,0.32335260115606934,0.6124370483906284,14.052742422915205,0.44152814635258963,0.575961486708034
cross_project,0.0,dynamic_no_cohort,0.3,1962,1656,0.5402560586509516,0.5872918476691638,1.3460754332313964,0.46836810402104134,0.44034682080924853,0.5905426356589147,14.030210792631943,0.5423696407123341,0.5610925200555699
cross_project,0.0,frequency,0.1,1962,1656,0.2826462626295092,0.4952016892383864,0.7701325178389399,0.32879890363071224,0.16520231213872832,0.4860544217687075,14.056583724307417,0.2717820104327794,0.4667312190331666
cross_project,0.0,frequency,0.2,1962,1656,0.3472035536162294,0.4949707770426425,1.2099898063200816,0.3855169494350484,0.25352601156069365,0.48018392818042477,14.070311915358532,0.3412729887146906,0.4697428638382733
cross_project,0.0,frequency,0.3,1962,1656,0.4371216151331009,0.49435942722505055,1.7324159021406729,0.46836810402104134,0.35271676300578036,0.4730232558139535,14.137993885113655,0.4296054184230363,0.4673979013420667
cross_project,0.0,static_catboost,0.1,1962,1656,0.3486623804003186,0.6065360904810445,0.5682976554536188,0.32879890363071224,0.21098265895953758,0.6207482993197279,14.181922542735041,0.3436500026572826,0.5753527420826696
cross_project,0.0,static_catboost,0.2,1962,1656,0.4371756369600011,0.5993544130012018,0.9067278287461774,0.3855169494350484,0.3223121387283237,0.6104663893146486,14.071048827312215,0.4356326018694405,0.5702592455265868
cross_project,0.0,static_catboost,0.3,1962,1656,0.5393846166737084,0.5866468622787205,1.3419979612640163,0.46836810402104134,0.441271676300578,0.5917829457364341,14.056203088061466,0.5400540020243294,0.5611956818000174
cross_project,0.0,static_lr,0.1,1962,1656,0.35199656289828823,0.611609873307121,0.571355759429154,0.32879890363071224,0.21028901734104047,0.6187074829931973,14.011678788103511,0.35255183969270126,0.5828584698011537
cross_project,0.0,static_lr,0.2,1962,1656,0.4352360741180159,0.5997489952000655,0.9342507645259939,0.3855169494350484,0.3160693641618497,0.5986424348587694,14.021327393002673,0.43595343247851065,0.5725864812412726
cross_project,0.0,static_lr,0.3,1962,1656,0.5365434670976863,0.5825479176936273,1.3832823649337411,0.46836810402104134,0.43190751445086706,0.5792248062015504,14.044720601698247,0.5397512150312165,0.5575042933555004
cross_project,0.25,business_rule,0.1,1962,1656,0.3452713413468445,0.5840371826610359,0.6233435270132518,0.32879890363071224,0.1984971098265896,0.5840136054421768,10.568754704520696,0.3527662951824677,0.5678931446789391
cross_project,0.25,business_rule,0.2,1962,1656,0.42846347564048565,0.5810929740211086,0.9796126401630989,0.3855169494350484,0.30578034682080923,0.5791548062185242,10.563525649641578,0.44136992381382745,0.5631283742509003
cross_project,0.25,business_rule,0.3,1962,1656,0.5424961792762639,0.5840042244487739,1.3664627930682978,0.46836810402104134,0.43572254335260113,0.5843410852713178,10.537993522748247,0.5549256762780954,0.5625932421678844
cross_project,0.25,dynamic_catboost,0.1,1962,1656,0.38435148023879,0.6591403329935439,0.5,0.32879890363071224,0.22647398843930636,0.6663265306122449,10.464723209495707,0.3867543435281207,0.6333427857501169
cross_project,0.25,dynamic_catboost,0.2,1962,1656,0.47865978950008115,0.6467526215997164,0.7940876656472987,0.3855169494350484,0.3478612716763006,0.6588570177359316,10.4942050867009,0.4826448170193465,0.6197028315604548
cross_project,0.25,dynamic_catboost,0.3,1962,1656,0.5860452805026409,0.6266872600509495,1.1906218144750256,0.46836810402104134,0.47560693641618496,0.637829457364341,10.509947283417617,0.5896501156817419,0.5983713514447274
cross_project,0.25,dynamic_no_cohort,0.1,1962,1656,0.3823303201255269,0.6559887869520897,0.5020387359836901,0.32879890363071224,0.22601156069364162,0.6649659863945578,10.505072120171247,0.3849038589089484,0.6290387393741298
cross_project,0.25,dynamic_no_cohort,0.2,1962,1656,0.4741981537536646,0.6404143002766857,0.8129459734964322,0.3855169494350484,0.34358381502890173,0.650755419312459,10.541611871391888,0.47791312477759196,0.611708981224278
cross_project,0.25,dynamic_no_cohort,0.3,1962,1656,0.5876718991642903,0.6254000727590852,1.199796126401631,0.46836810402104134,0.4735260115606936,0.6350387596899225,10.540080024220648,0.5931761394507669,0.5975381432142034
cross_project,0.25,frequency,0.1,1962,1656,0.2826462626295092,0.4952016892383864,0.7701325178389399,0.32879890363071224,0.16520231213872832,0.4860544217687075,10.542437793230564,0.2717820104327794,0.4667312190331666
cross_project,0.25,frequency,0.2,1962,1656,0.3472035536162294,0.4949707770426425,1.2099898063200816,0.3855169494350484,0.25352601156069365,0.48018392818042477,10.5527339365189,0.3412729887146906,0.4697428638382733
cross_project,0.25,frequency,0.3,1962,1656,0.4371216151331009,0.49435942722505055,1.7324159021406729,0.46836810402104134,0.35271676300578036,0.4730232558139535,10.603495413835242,0.4296054184230363,0.4673979013420667
cross_project,0.25,static_catboost,0.1,1962,1656,0.3486623804003186,0.6065360904810445,0.5682976554536188,0.32879890363071224,0.21098265895953758,0.6207482993197279,10.636441907051282,0.3436500026572826,0.5753527420826696
cross_project,0.25,static_catboost,0.2,1962,1656,0.4371756369600011,0.5993544130012018,0.9067278287461774,0.3855169494350484,0.3223121387283237,0.6104663893146486,10.553286620484162,0.4356326018694405,0.5702592455265868
cross_project,0.25,static_catboost,0.3,1962,1656,0.5393846166737084,0.5866468622787205,1.3419979612640163,0.46836810402104134,0.441271676300578,0.5917829457364341,10.5421523160461,0.5400540020243294,0.5611956818000174
cross_project,0.25,static_lr,0.1,1962,1656,0.35199656289828823,0.611609873307121,0.571355759429154,0.32879890363071224,0.21028901734104047,0.6187074829931973,10.508759091077634,0.35255183969270126,0.5828584698011537
cross_project,0.25,static_lr,0.2,1962,1656,0.4352360741180159,0.5997489952000655,0.9342507645259939,0.3855169494350484,0.3160693641618497,0.5986424348587694,10.515995544752005,0.43595343247851065,0.5725864812412726
cross_project,0.25,static_lr,0.3,1962,1656,0.5365434670976863,0.5825479176936273,1.3832823649337411,0.46836810402104134,0.43190751445086706,0.5792248062015504,10.533540451273685,0.5397512150312165,0.5575042933555004
cross_project,0.5,business_rule,0.1,1962,1656,0.3850252746341949,0.6459213144992961,0.5214067278287462,0.32879890363071224,0.2216184971098266,0.6520408163265307,7.022106890961359,0.39438912771585916,0.6317755193579592
cross_project,0.5,business_rule,0.2,1962,1656,0.48254167487891,0.642784613732626,0.8007135575942915,0.3855169494350484,0.34635838150289017,0.6560105101817385,7.048281261659578,0.4968952113547065,0.6249551237510228
cross_project,0.5,business_rule,0.3,1962,1656,0.6098509332699867,0.6415739579123282,1.1167176350662589,0.46836810402104134,0.4923699421965318,0.6603100775193799,7.0163927592474185,0.6200022800406478,0.6176642927334581
cross_project,0.5,dynamic_catboost,0.1,1962,1656,0.42100285431821877,0.7146704043493035,0.39755351681957185,0.32879890363071224,0.24971098265895952,0.7346938775510204,6.99971910672449,0.4273524735055109,0.6896461226711968
cross_project,0.5,dynamic_catboost,0.2,1962,1656,0.5228321369767621,0.6959127278316881,0.6462793068297655,0.3855169494350484,0.3813872832369942,0.7223560324063937,6.998348895113601,0.5352153085802238,0.6707885823951993
cross_project,0.5,dynamic_catboost,0.3,1962,1656,0.6412542757670624,0.6737772799811835,0.9918450560652395,0.46836810402104134,0.5206936416184971,0.6982945736434109,6.998075038216968,0.6521053730300276,0.6467088886511707
cross_project,0.5,dynamic_no_cohort,0.1,1962,1656,0.4153559406914429,0.7084692490655793,0.4072375127420999,0.32879890363071224,0.247514450867052,0.7282312925170068,6.997929454530647,0.42148488187615835,0.6850551426160855
cross_project,0.5,dynamic_no_cohort,0.2,1962,1656,0.5173834147896516,0.6908997871536099,0.6585117227319062,0.3855169494350484,0.3786127167630058,0.7171009415371141,7.000332090944095,0.5280170734678749,0.6649093513204531
cross_project,0.5,dynamic_no_cohort,0.3,1962,1656,0.6379397521679012,0.6716503294597376,1.0045871559633028,0.46836810402104134,0.5178034682080925,0.6944186046511628,7.004244613324016,0.6476262776365971,0.6439794618481735
cross_project,0.5,frequency,0.1,1962,1656,0.2826462626295092,0.4952016892383864,0.7701325178389399,0.32879890363071224,0.16520231213872832,0.4860544217687075,7.028291862153709,0.2717820104327794,0.4667312190331666
cross_project,0.5,frequency,0.2,1962,1656,0.3472035536162294,0.4949707770426425,1.2099898063200816,0.3855169494350484,0.25352601156069365,0.48018392818042477,7.035155957679266,0.3412729887146906,0.4697428638382733
cross_project,0.5,frequency,0.3,1962,1656,0.4371216151331009,0.49435942722505055,1.7324159021406729,0.46836810402104134,0.35271676300578036,0.4730232558139535,7.0689969425568275,0.4296054184230363,0.4673979013420667
cross_project,0.5,static_catboost,0.1,1962,1656,0.3486623804003186,0.6065360904810445,0.5682976554536188,0.32879890363071224,0.21098265895953758,0.6207482993197279,7.0909612713675205,0.3436500026572826,0.5753527420826696
cross_project,0.5,static_catboost,0.2,1962,1656,0.4371756369600011,0.5993544130012018,0.9067278287461774,0.3855169494350484,0.3223121387283237,0.6104663893146486,7.035524413656107,0.4356326018694405,0.5702592455265868
cross_project,0.5,static_catboost,0.3,1962,1656,0.5393846166737084,0.5866468622787205,1.3419979612640163,0.46836810402104134,0.441271676300578,0.5917829457364341,7.028101544030733,0.5400540020243294,0.5611956818000174
cross_project,0.5,static_lr,0.1,1962,1656,0.35199656289828823,0.611609873307121,0.571355759429154,0.32879890363071224,0.21028901734104047,0.6187074829931973,7.005839394051756,0.35255183969270126,0.5828584698011537
cross_project,0.5,static_lr,0.2,1962,1656,0.4352360741180159,0.5997489952000655,0.9342507645259939,0.3855169494350484,0.3160693641618497,0.5986424348587694,7.010663696501337,0.43595343247851065,0.5725864812412726
cross_project,0.5,static_lr,0.3,1962,1656,0.5365434670976863,0.5825479176936273,1.3832823649337411,0.46836810402104134,0.43190751445086706,0.5792248062015504,7.022360300849123,0.5397512150312165,0.5575042933555004
cross_project,0.75,business_rule,0.1,1962,1656,0.42652944527236575,0.7165428862676569,0.3934760448521916,0.32879890363071224,0.250635838150289,0.7374149659863946,3.5092843066430524,0.4393048484668212,0.6982110001374447
cross_project,0.75,business_rule,0.2,1962,1656,0.5437477335131069,0.7113275188963263,0.5973496432212029,0.3855169494350484,0.392485549132948,0.7433763958835121,3.504780434637913,0.562191313688799,0.689884895826781
cross_project,0.75,business_rule,0.3,1962,1656,0.674451524835475,0.6960292584381899,0.8766564729867482,0.46836810402104134,0.5468208092485549,0.7333333333333333,3.503034666508511,0.6870594510654949,0.6695069322259061
cross_project,0.75,dynamic_catboost,0.1,1962,1656,0.45862553602712497,0.7639653414882773,0.31396534148827726,0.32879890363071224,0.26867052023121385,0.7904761904761904,3.4958782542351767,0.47329460178348787,0.7457195650839449
cross_project,0.75,dynamic_catboost,0.2,1962,1656,0.5728362170611789,0.7431281469125505,0.5127420998980632,0.3855169494350484,0.41167630057803467,0.7797241077293628,3.496021220938618,0.5927782039847583,0.72069908651956
cross_project,0.75,dynamic_catboost,0.3,1962,1656,0.6929416376855387,0.713387850548311,0.8180428134556575,0.46836810402104134,0.5601156069364162,0.7511627906976744,3.494009840098401,0.7073396796968439,0.6865569353889764
cross_project,0.75,dynamic_no_cohort,0.1,1962,1656,0.45681723794848617,0.7589449541284404,0.3256880733944954,0.32879890363071224,0.2660115606936416,0.7826530612244897,3.4983536754197924,0.4715581199643791,0.7404628018492018
cross_project,0.75,dynamic_no_cohort,0.2,1962,1656,0.5710121114343054,0.7409516748966289,0.5234454638124363,0.3855169494350484,0.4092485549132948,0.7751259032187432,3.4967304701021114,0.5904664323225507,0.7184399033468463
cross_project,0.75,dynamic_no_cohort,0.3,1962,1656,0.6906654407551848,0.7119597716715004,0.8292558613659531,0.46836810402104134,0.5575722543352601,0.7477519379844961,3.4929335739971985,0.7054721096138576,0.6860702930549633
cross_project,0.75,frequency,0.1,1962,1656,0.2826462626295092,0.4952016892383864,0.7701325178389399,0.32879890363071224,0.16520231213872832,0.4860544217687075,3.5141459310768544,0.2717820104327794,0.4667312190331666
cross_project,0.75,frequency,0.2,1962,1656,0.3472035536162294,0.4949707770426425,1.2099898063200816,0.3855169494350484,0.25352601156069365,0.48018392818042477,3.517577978839633,0.3412729887146906,0.4697428638382733
cross_project,0.75,frequency,0.3,1962,1656,0.4371216151331009,0.49435942722505055,1.7324159021406729,0.46836810402104134,0.35271676300578036,0.4730232558139535,3.5344984712784138,0.4296054184230363,0.4673979013420667
cross_project,0.75,static_catboost,0.1,1962,1656,0.3486623804003186,0.6065360904810445,0.5682976554536188,0.32879890363071224,0.21098265895953758,0.6207482993197279,3.5454806356837603,0.3436500026572826,0.5753527420826696
cross_project,0.75,static_catboost,0.2,1962,1656,0.4371756369600011,0.5993544130012018,0.9067278287461774,0.3855169494350484,0.3223121387283237,0.6104663893146486,3.5177622068280536,0.4356326018694405,0.5702592455265868
cross_project,0.75,static_catboost,0.3,1962,1656,0.5393846166737084,0.5866468622787205,1.3419979612640163,0.46836810402104134,0.441271676300578,0.5917829457364341,3.5140507720153664,0.5400540020243294,0.5611956818000174
cross_project,0.75,static_lr,0.1,1962,1656,0.35199656289828823,0.611609873307121,0.571355759429154,0.32879890363071224,0.21028901734104047,0.6187074829931973,3.502919697025878,0.35255183969270126,0.5828584698011537
cross_project,0.75,static_lr,0.2,1962,1656,0.4352360741180159,0.5997489952000655,0.9342507645259939,0.3855169494350484,0.3160693641618497,0.5986424348587694,3.5053318482506683,0.43595343247851065,0.5725864812412726
cross_project,0.75,static_lr,0.3,1962,1656,0.5365434670976863,0.5825479176936273,1.3832823649337411,0.46836810402104134,0.43190751445086706,0.5792248062015504,3.5111801504245617,0.5397512150312165,0.5575042933555004
temporal,0.0,business_rule,0.1,397,336,0.35371659103455405,0.6045280076766222,0.5566750629722922,0.36873479118587144,0.18587360594795538,0.6129597197898424,12.475638569604087,0.3856197043410988,0.5692106850123021
temporal,0.0,business_rule,0.2,397,336,0.41391012601564225,0.5980608532245811,0.8161209068010076,0.41539151315603795,0.2793414763674987,0.6188235294117647,12.618597338377805,0.44443561173390955,0.564521741825089
temporal,0.0,business_rule,0.3,397,336,0.5060776363071353,0.6073873230044515,1.128463476070529,0.4939070009796361,0.3898035050451407,0.6209813874788495,12.596541076465538,0.532262843847844,0.57233432081173
temporal,0.0,dynamic_catboost,0.1,397,336,0.38177946953163383,0.6863979848866498,0.3929471032745592,0.36873479118587144,0.22039298990971853,0.7267950963222417,12.546525495565989,0.41736898705756487,0.6474421699617565
temporal,0.0,dynamic_catboost,0.2,397,336,0.45121882794682644,0.669857262804366,0.5969773299748111,0.41539151315603795,0.32554434413170474,0.7211764705882353,12.557314182783466,0.48242552522103777,0.6320621568642314
temporal,0.0,dynamic_catboost,0.3,397,336,0.5401771934198665,0.6503236757644818,0.871536523929471,0.4939070009796361,0.4439723844928306,0.7072758037225042,12.533932119205298,0.5592198075931967,0.6074021847357338
temporal,0.0,dynamic_no_cohort,0.1,397,336,0.3809418270444987,0.6752728799328295,0.4181360201511335,0.36873479118587144,0.21508231545406267,0.7092819614711033,12.655622988902023,0.4104701362079889,0.6321461854952394
temporal,0.0,dynamic_no_cohort,0.2,397,336,0.4532697516245377,0.6689186757826557,0.6120906801007556,0.41539151315603795,0.3223579394583112,0.7141176470588235,12.656248475037538,0.4836814652294998,0.6334350218432167
temporal,0.0,dynamic_no_cohort,0.3,397,336,0.5426848106480822,0.6492278851850641,0.8992443324937027,0.4939070009796361,0.4381306425916091,0.6979695431472082,12.629073502984895,0.5668593872848611,0.6119309821158233
temporal,0.0,frequency,0.1,397,336,0.30249643843325763,0.5337651433369317,0.6649874055415617,0.36873479118587144,0.16303770578863516,0.5376532399299475,12.546073272792023,0.3281666418403692,0.510677324857115
temporal,0.0,frequency,0.2,397,336,0.36247503505466483,0.554330912580283,0.9269521410579346,0.41539151315603795,0.25597450876261285,0.5670588235294117,12.566469515803398,0.38682839322319046,0.5281819230564158
temporal,0.0,frequency,0.3,397,336,0.45254758645255866,0.5660035493473781,1.2745591939546599,0.4939070009796361,0.3590015932023367,0.571912013536379,12.59214875900206,0.4688272007256026,0.5341547096641452
temporal,0.0,static_catboost,0.1,397,336,0.37811285402010375,0.6836691855583542,0.40554156171284633,0.36873479118587144,0.2177376526818906,0.7180385288966725,12.51043352014295,0.411578393980498,0.6420645093615868
temporal,0.0,static_catboost,0.2,397,336,0.4446287856133834,0.6644956219263524,0.6171284634760705,0.41539151315603795,0.32129580456718004,0.711764705882353,12.572331371625863,0.47687817986469094,0.6271427025900626
temporal,0.0,static_catboost,0.3,397,336,0.532626436701184,0.6415917450867074,0.9193954659949622,0.4939070009796361,0.43388210302708446,0.6912013536379019,12.561846045715683,0.5585453662483365,0.6026269190383856
temporal,0.0,static_lr,0.1,397,336,0.38164567475498196,0.6752668825716683,0.4181360201511335,0.36873479118587144,0.21508231545406267,0.7092819614711033,12.487899181547618,0.41065691901919593,0.6162278636937034
temporal,0.0,static_lr,0.2,397,336,0.44994852080866027,0.6610841229858861,0.6297229219143576,0.41539151315603795,0.3186404673393521,0.7058823529411765,12.502832813681028,0.4727038276954721,0.6101410925295114
temporal,0.0,static_lr,0.3,397,336,0.542857381842156,0.6468259699997736,0.9168765743073047,0.4939070009796361,0.43441317047265005,0.6920473773265652,12.447902331457277,0.5591747406790478,0.5999188594251715
temporal,0.25,business_rule,0.1,397,336,0.4042383974501206,0.677455919395466,0.4256926952141058,0.36873479118587144,0.2134891131173659,0.7040280210157618,9.52535465836247,0.4505711796387728,0.657223057624785
temporal,0.25,business_rule,0.2,397,336,0.47635730148455413,0.6746171684458837,0.6020151133501259,0.41539151315603795,0.3244822092405735,0.7188235294117648,9.502606721479005,0.5216729125703317,0.6509546013512405
temporal,0.25,business_rule,0.3,397,336,0.5751367389048916,0.6728866851033098,0.8513853904282116,0.4939070009796361,0.4482209240573553,0.7140439932318104,9.433794532627868,0.6109691379234478,0.6401971876243967
temporal,0.25,dynamic_catboost,0.1,397,336,0.4259559687023386,0.7185978169605373,0.3526448362720403,0.36873479118587144,0.22889006903876793,0.7548161120840631,9.568058235458613,0.4684441317323396,0.6750802573992772
temporal,0.25,dynamic_catboost,0.2,397,336,0.5022418005477824,0.7127873735556355,0.5012594458438288,0.41539151315603795,0.34572490706319703,0.7658823529411765,9.543842461917563,0.5421992645829502,0.6710879384476459
temporal,0.25,dynamic_catboost,0.3,397,336,0.5993404899445619,0.6972958541598339,0.72544080604534,0.4939070009796361,0.4747742963356346,0.7563451776649747,9.490057761180992,0.6288353365214965,0.6535469126763649
temporal,0.25,dynamic_no_cohort,0.1,397,336,0.4195770487631508,0.724895046179681,0.34005037783375314,0.36873479118587144,0.23154540626659587,0.7635726795096323,9.572497954077816,0.4611993996320402,0.685931103899647
temporal,0.25,dynamic_no_cohort,0.2,397,336,0.4877341115649706,0.6998360721282636,0.5214105793450882,0.41539151315603795,0.34147636749867233,0.7564705882352941,9.549544956140352,0.5279745821858086,0.6612131260401746
temporal,0.25,dynamic_no_cohort,0.3,397,336,0.5895218509316962,0.6859057748856239,0.7556675062972292,0.4939070009796361,0.4684014869888476,0.7461928934010152,9.499490272266314,0.6214977428480185,0.6468511255592241
temporal,0.25,frequency,0.1,397,336,0.30249643843325763,0.5337651433369317,0.6649874055415617,0.36873479118587144,0.16303770578863516,0.5376532399299475,9.409554954594016,0.3281666418403692,0.510677324857115
temporal,0.25,frequency,0.2,397,336,0.36247503505466483,0.554330912580283,0.9269521410579346,0.41539151315603795,0.25597450876261285,0.5670588235294117,9.424852136852548,0.38682839322319046,0.5281819230564158
temporal,0.25,frequency,0.3,397,336,0.45254758645255866,0.5660035493473781,1.2745591939546599,0.4939070009796361,0.3590015932023367,0.571912013536379,9.444111569251543,0.4688272007256026,0.5341547096641452
temporal,0.25,static_catboost,0.1,397,336,0.37811285402010375,0.6836691855583542,0.40554156171284633,0.36873479118587144,0.2177376526818906,0.7180385288966725,9.382825140107212,0.411578393980498,0.6420645093615868
temporal,0.25,static_catboost,0.2,397,336,0.4446287856133834,0.6644956219263524,0.6171284634760705,0.41539151315603795,0.32129580456718004,0.711764705882353,9.429248528719397,0.47687817986469094,0.6271427025900626
temporal,0.25,static_catboost,0.3,397,336,0.532626436701184,0.6415917450867074,0.9193954659949622,0.4939070009796361,0.43388210302708446,0.6912013536379019,9.421384534286762,0.5585453662483365,0.6026269190383856
temporal,0.25,static_lr,0.1,397,336,0.38164567475498196,0.6752668825716683,0.4181360201511335,0.36873479118587144,0.21508231545406267,0.7092819614711033,9.365924386160716,0.41065691901919593,0.6162278636937034
temporal,0.25,static_lr,0.2,397,336,0.44994852080866027,0.6610841229858861,0.6297229219143576,0.41539151315603795,0.3186404673393521,0.7058823529411765,9.377124610260772,0.4727038276954721,0.6101410925295114
temporal,0.25,static_lr,0.3,397,336,0.542857381842156,0.6468259699997736,0.9168765743073047,0.4939070009796361,0.43441317047265005,0.6920473773265652,9.335926748592955,0.5591747406790478,0.5999188594251715
temporal,0.5,business_rule,0.1,397,336,0.433368254974586,0.7274139378673383,0.345088161209068,0.36873479118587144,0.23048327137546468,0.7600700525394045,6.308460381639864,0.4856957306576452,0.7155239819134712
temporal,0.5,business_rule,0.2,397,336,0.5122575986663639,0.7228299548198793,0.48614609571788414,0.41539151315603795,0.34891131173659057,0.7729411764705882,6.315103239256884,0.5597814746674075,0.7025308868489146
temporal,0.5,business_rule,0.3,397,336,0.615957542411684,0.7127521443012627,0.690176322418136,0.4939070009796361,0.48220924057355286,0.7681895093062606,6.277959015632144,0.6545410786965676,0.6834555030846523
temporal,0.5,dynamic_catboost,0.1,397,336,0.455481675441587,0.7763224181360201,0.27455919395465994,0.36873479118587144,0.24535315985130113,0.809106830122592,6.278424233490566,0.494368407382907,0.7327140771903055
temporal,0.5,dynamic_catboost,0.2,397,336,0.5335986433609892,0.7531646075726681,0.42317380352644834,0.41539151315603795,0.3621879978757302,0.8023529411764706,6.298255370082816,0.5767958460004613,0.715723219067746
temporal,0.5,dynamic_catboost,0.3,397,336,0.6337230712157745,0.7290339802934261,0.6423173803526449,0.4939070009796361,0.492299522039299,0.7842639593908629,6.290884775641025,0.6675144897036543,0.6893802091994486
temporal,0.5,dynamic_no_cohort,0.1,397,336,0.45777248004845394,0.770864819479429,0.28211586901763225,0.36873479118587144,0.24375995751460436,0.8038528896672504,6.303789758409517,0.5008461775146381,0.7300677596892589
temporal,0.5,dynamic_no_cohort,0.2,397,336,0.54232543201402,0.7527597856942945,0.4156171284634761,0.41539151315603795,0.363781200212427,0.8058823529411765,6.285768238152748,0.5875932047735536,0.7173675811967651
temporal,0.5,dynamic_no_cohort,0.3,397,336,0.647854281265281,0.7369403196859116,0.6322418136020151,0.4939070009796361,0.4944237918215613,0.7876480541455161,6.282587242642944,0.689568125864438,0.6993140126603821
temporal,0.5,frequency,0.1,397,336,0.30249643843325763,0.5337651433369317,0.6649874055415617,0.36873479118587144,0.16303770578863516,0.5376532399299475,6.273036636396012,0.3281666418403692,0.510677324857115
temporal,0.5,frequency,0.2,397,336,0.36247503505466483,0.554330912580283,0.9269521410579346,0.41539151315603795,0.25597450876261285,0.5670588235294117,6.283234757901699,0.38682839322319046,0.5281819230564158
temporal,0.5,frequency,0.3,397,336,0.45254758645255866,0.5660035493473781,1.2745591939546599,0.4939070009796361,0.3590015932023367,0.571912013536379,6.29607437950103,0.4688272007256026,0.5341547096641452
temporal,0.5,static_catboost,0.1,397,336,0.37811285402010375,0.6836691855583542,0.40554156171284633,0.36873479118587144,0.2177376526818906,0.7180385288966725,6.255216760071475,0.411578393980498,0.6420645093615868
temporal,0.5,static_catboost,0.2,397,336,0.4446287856133834,0.6644956219263524,0.6171284634760705,0.41539151315603795,0.32129580456718004,0.711764705882353,6.286165685812931,0.47687817986469094,0.6271427025900626
temporal,0.5,static_catboost,0.3,397,336,0.532626436701184,0.6415917450867074,0.9193954659949622,0.4939070009796361,0.43388210302708446,0.6912013536379019,6.280923022857841,0.5585453662483365,0.6026269190383856
temporal,0.5,static_lr,0.1,397,336,0.38164567475498196,0.6752668825716683,0.4181360201511335,0.36873479118587144,0.21508231545406267,0.7092819614711033,6.243949590773809,0.41065691901919593,0.6162278636937034
temporal,0.5,static_lr,0.2,397,336,0.44994852080866027,0.6610841229858861,0.6297229219143576,0.41539151315603795,0.3186404673393521,0.7058823529411765,6.251416406840514,0.4727038276954721,0.6101410925295114
temporal,0.5,static_lr,0.3,397,336,0.542857381842156,0.6468259699997736,0.9168765743073047,0.4939070009796361,0.43441317047265005,0.6920473773265652,6.223951165728638,0.5591747406790478,0.5999188594251715
temporal,0.75,business_rule,0.1,397,336,0.457832950547589,0.7750629722921915,0.26700251889168763,0.36873479118587144,0.24694636218799787,0.8143607705779334,3.1481486059833563,0.5094712677926008,0.7452926456190306
temporal,0.75,business_rule,0.2,397,336,0.545397855891119,0.763351125504778,0.37279596977329976,0.41539151315603795,0.372809346787042,0.8258823529411765,3.1541077293113426,0.5964800851461047,0.7346616213488945
temporal,0.75,business_rule,0.3,397,336,0.6495196055641974,0.7452349427790235,0.5465994962216625,0.4939070009796361,0.5124800849707913,0.8164128595600677,3.1412690918967274,0.6914172505141999,0.7076752884629908
temporal,0.75,dynamic_catboost,0.1,397,336,0.45357497599024466,0.7809403862300587,0.25440806045340053,0.36873479118587144,0.2496016994158258,0.8231173380035026,3.1432583124560476,0.493914405085141,0.7376383192216575
temporal,0.75,dynamic_catboost,0.2,397,336,0.5455263981458868,0.7700471792411339,0.3501259445843829,0.41539151315603795,0.37758895379713225,0.8364705882352941,3.142693593623011,0.5861743129874454,0.7292237412170889
temporal,0.75,dynamic_catboost,0.3,397,336,0.6494473400288717,0.748837357716451,0.5264483627204031,0.4939070009796361,0.516728624535316,0.823181049069374,3.1385192485754985,0.6866783503291213,0.7100516122264956
temporal,0.75,dynamic_no_cohort,0.1,397,336,0.4620193094345781,0.7836691855583543,0.25692695214105793,0.36873479118587144,0.24907063197026022,0.8213660245183888,3.1525439214273234,0.5038840710613004,0.7396780823071475
temporal,0.75,dynamic_no_cohort,0.2,397,336,0.5483591308893337,0.7668146015753069,0.3677581863979849,0.41539151315603795,0.37387148167817313,0.8282352941176471,3.1524037452980322,0.5861030407222955,0.7214450408480226
temporal,0.75,dynamic_no_cohort,0.3,397,336,0.656011108212913,0.750258732311629,0.5465994962216625,0.4939070009796361,0.5124800849707913,0.8164128595600677,3.1418244957514676,0.6903377622568404,0.7080467232709047
temporal,0.75,frequency,0.1,397,336,0.30249643843325763,0.5337651433369317,0.6649874055415617,0.36873479118587144,0.16303770578863516,0.5376532399299475,3.136518318198006,0.3281666418403692,0.510677324857115
temporal,0.75,frequency,0.2,397,336,0.36247503505466483,0.554330912580283,0.9269521410579346,0.41539151315603795,0.25597450876261285,0.5670588235294117,3.1416173789508495,0.38682839322319046,0.5281819230564158
temporal,0.75,frequency,0.3,397,336,0.45254758645255866,0.5660035493473781,1.2745591939546599,0.4939070009796361,0.3590015932023367,0.571912013536379,3.148037189750515,0.4688272007256026,0.5341547096641452
temporal,0.75,static_catboost,0.1,397,336,0.37811285402010375,0.6836691855583542,0.40554156171284633,0.36873479118587144,0.2177376526818906,0.7180385288966725,3.1276083800357375,0.411578393980498,0.6420645093615868
temporal,0.75,static_catboost,0.2,397,336,0.4446287856133834,0.6644956219263524,0.6171284634760705,0.41539151315603795,0.32129580456718004,0.711764705882353,3.1430828429064657,0.47687817986469094,0.6271427025900626
temporal,0.75,static_catboost,0.3,397,336,0.532626436701184,0.6415917450867074,0.9193954659949622,0.4939070009796361,0.43388210302708446,0.6912013536379019,3.1404615114289207,0.5585453662483365,0.6026269190383856
temporal,0.75,static_lr,0.1,397,336,0.38164567475498196,0.6752668825716683,0.4181360201511335,0.36873479118587144,0.21508231545406267,0.7092819614711033,3.1219747953869046,0.41065691901919593,0.6162278636937034
temporal,0.75,static_lr,0.2,397,336,0.44994852080866027,0.6610841229858861,0.6297229219143576,0.41539151315603795,0.3186404673393521,0.7058823529411765,3.125708203420257,0.4727038276954721,0.6101410925295114
temporal,0.75,static_lr,0.3,397,336,0.542857381842156,0.6468259699997736,0.9168765743073047,0.4939070009796361,0.43441317047265005,0.6920473773265652,3.111975582864319,0.5591747406790478,0.5999188594251715
