experiment,model,feature,importance
cross_project,dynamic_catboost,cohort_size,2.7059449169144503
cross_project,dynamic_catboost,dynamic_age_days,1.0946487559058926
cross_project,dynamic_catboost,dynamic_assignee_changes,0.24819972132958862
cross_project,dynamic_catboost,dynamic_cohort_done_fraction,3.3143519603762104
cross_project,dynamic_catboost,dynamic_duration_days,1.9244378728265719
cross_project,dynamic_catboost,dynamic_estimate,0.0
cross_project,dynamic_catboost,dynamic_estimate_changes,0.21616030274748468
cross_project,dynamic_catboost,dynamic_events_count,0.4522632193545743
cross_project,dynamic_catboost,dynamic_events_in_sprint,0.7265869101415303
cross_project,dynamic_catboost,dynamic_inactive_days,1.6239144148517008
cross_project,dynamic_catboost,dynamic_is_done,56.435255666959755
cross_project,dynamic_catboost,dynamic_issue_type,0.3121126439058294
cross_project,dynamic_catboost,dynamic_priority,0.743463536684888
cross_project,dynamic_catboost,dynamic_priority_changes,0.1504597828682399
cross_project,dynamic_catboost,dynamic_status,13.904696269571584
cross_project,dynamic_catboost,dynamic_status_age_days,3.4027691948510728
cross_project,dynamic_catboost,dynamic_status_changes,1.0269840927603346
cross_project,dynamic_catboost,dynamic_status_observed,0.10823805748506503
cross_project,dynamic_catboost,static_age_days,1.2630607523630275
cross_project,dynamic_catboost,static_assignee_changes,0.21434510304122395
cross_project,dynamic_catboost,static_cohort_done_fraction,1.0242636522227093
cross_project,dynamic_catboost,static_duration_days,1.8195407314040923
cross_project,dynamic_catboost,static_estimate,0.0
cross_project,dynamic_catboost,static_estimate_changes,0.23091024869177232
cross_project,dynamic_catboost,static_events_count,0.4012221051465201
cross_project,dynamic_catboost,static_events_in_sprint,0.009173083354099736
cross_project,dynamic_catboost,static_inactive_days,1.8036792753185604
cross_project,dynamic_catboost,static_is_done,0.06001148926543126
cross_project,dynamic_catboost,static_issue_type,0.2327904242456919
cross_project,dynamic_catboost,static_priority,0.4593904138178617
cross_project,dynamic_catboost,static_priority_changes,0.14185072256086909
cross_project,dynamic_catboost,static_status,1.1186544270792813
cross_project,dynamic_catboost,static_status_age_days,1.5518496266616262
cross_project,dynamic_catboost,static_status_changes,0.6847605001539664
cross_project,dynamic_catboost,static_status_observed,0.5940101251384873
cross_project,dynamic_no_cohort,dynamic_age_days,1.16753403982942
cross_project,dynamic_no_cohort,dynamic_assignee_changes,0.3731288873943113
cross_project,dynamic_no_cohort,dynamic_duration_days,2.125298240118208
cross_project,dynamic_no_cohort,dynamic_estimate,0.0
cross_project,dynamic_no_cohort,dynamic_estimate_changes,0.29186326902274606
cross_project,dynamic_no_cohort,dynamic_events_count,0.5101448742930436
cross_project,dynamic_no_cohort,dynamic_events_in_sprint,0.6720673769356262
cross_project,dynamic_no_cohort,dynamic_inactive_days,1.8701758818337602
cross_project,dynamic_no_cohort,dynamic_is_done,59.860571314083856
cross_project,dynamic_no_cohort,dynamic_issue_type,0.33196300586342087
cross_project,dynamic_no_cohort,dynamic_priority,0.9351278244483642
cross_project,dynamic_no_cohort,dynamic_priority_changes,0.25770693375255416
cross_project,dynamic_no_cohort,dynamic_status,14.65238720018983
cross_project,dynamic_no_cohort,dynamic_status_age_days,3.441194231519032
cross_project,dynamic_no_cohort,dynamic_status_changes,1.193341094604089
cross_project,dynamic_no_cohort,dynamic_status_observed,0.1306235235260221
cross_project,dynamic_no_cohort,static_age_days,1.348785240983705
cross_project,dynamic_no_cohort,static_assignee_changes,0.22180803182011483
cross_project,dynamic_no_cohort,static_duration_days,2.09353388198646
cross_project,dynamic_no_cohort,static_estimate,0.0
cross_project,dynamic_no_cohort,static_estimate_changes,0.3124180722395197
cross_project,dynamic_no_cohort,static_events_count,0.3993721681056515
cross_project,dynamic_no_cohort,static_events_in_sprint,0.006090565242428884
cross_project,dynamic_no_cohort,static_inactive_days,2.2816375926294006
cross_project,dynamic_no_cohort,static_is_done,0.09860207652439498
cross_project,dynamic_no_cohort,static_issue_type,0.30806035160422857
cross_project,dynamic_no_cohort,static_priority,0.5720854607309984
cross_project,dynamic_no_cohort,static_priority_changes,0.1430107331992991
cross_project,dynamic_no_cohort,static_status,1.4480190401203146
cross_project,dynamic_no_cohort,static_status_age_days,1.59753479782668
cross_project,dynamic_no_cohort,static_status_changes,0.7174549372724085
cross_project,dynamic_no_cohort,static_status_observed,0.6384593523001053
cross_project,static_catboost,cohort_size,5.879327062840868
cross_project,static_catboost,static_age_days,5.164073528721934
cross_project,static_catboost,static_assignee_changes,1.2638534045764882
cross_project,static_catboost,static_cohort_done_fraction,3.0749134248819643
cross_project,static_catboost,static_duration_days,9.923471024122916
cross_project,static_catboost,static_estimate,0.0
cross_project,static_catboost,static_estimate_changes,1.4378090024958172
cross_project,static_catboost,static_events_count,2.089174688508057
cross_project,static_catboost,static_events_in_sprint,0.005628743830168136
cross_project,static_catboost,static_inactive_days,6.318713831405511
cross_project,static_catboost,static_is_done,29.226988467836804
cross_project,static_catboost,static_issue_type,1.2155272878772525
cross_project,static_catboost,static_priority,3.352826283711383
cross_project,static_catboost,static_priority_changes,0.6854785200183187
cross_project,static_catboost,static_status,17.201945235018492
cross_project,static_catboost,static_status_age_days,10.314913845943291
cross_project,static_catboost,static_status_changes,2.402706459650438
cross_project,static_catboost,static_status_observed,0.44264918856029867
temporal,dynamic_catboost,cohort_size,3.713841287263982
temporal,dynamic_catboost,dynamic_age_days,3.32878358074537
temporal,dynamic_catboost,dynamic_assignee_changes,1.1175833865967173
temporal,dynamic_catboost,dynamic_cohort_done_fraction,3.6540077136715716
temporal,dynamic_catboost,dynamic_duration_days,2.51253808359176
temporal,dynamic_catboost,dynamic_estimate,0.0
temporal,dynamic_catboost,dynamic_estimate_changes,0.7067620285515713
temporal,dynamic_catboost,dynamic_events_count,2.0810274091448173
temporal,dynamic_catboost,dynamic_events_in_sprint,1.7188045780135006
temporal,dynamic_catboost,dynamic_inactive_days,4.629179432484732
temporal,dynamic_catboost,dynamic_is_done,27.409030132294845
temporal,dynamic_catboost,dynamic_issue_type,0.9065685350804614
temporal,dynamic_catboost,dynamic_priority,1.4305064406523091
temporal,dynamic_catboost,dynamic_priority_changes,0.3383708795490495
temporal,dynamic_catboost,dynamic_status,15.57822234438701
temporal,dynamic_catboost,dynamic_status_age_days,4.538367338859471
temporal,dynamic_catboost,dynamic_status_changes,1.6175704786394445
temporal,dynamic_catboost,dynamic_status_observed,0.17430275900432848
temporal,dynamic_catboost,static_age_days,3.535057408730516
temporal,dynamic_catboost,static_assignee_changes,0.7332780709216663
temporal,dynamic_catboost,static_cohort_done_fraction,1.390450613100026
temporal,dynamic_catboost,static_duration_days,2.7133523527999563
temporal,dynamic_catboost,static_estimate,0.0
temporal,dynamic_catboost,static_estimate_changes,0.7699151791359443
temporal,dynamic_catboost,static_events_count,1.5344498808266989
temporal,dynamic_catboost,static_events_in_sprint,0.004264620515882559
temporal,dynamic_catboost,static_inactive_days,4.858230052667006
temporal,dynamic_catboost,static_is_done,0.05196579058069458
temporal,dynamic_catboost,static_issue_type,1.0471707166665891
temporal,dynamic_catboost,static_priority,1.5765546710183191
temporal,dynamic_catboost,static_priority_changes,0.3438202536211345
temporal,dynamic_catboost,static_status,2.34807200513108
temporal,dynamic_catboost,static_status_age_days,2.7218766264658507
temporal,dynamic_catboost,static_status_changes,0.6166217845345274
temporal,dynamic_catboost,static_status_observed,0.29945356475317475
temporal,dynamic_no_cohort,dynamic_age_days,3.695677609514227
temporal,dynamic_no_cohort,dynamic_assignee_changes,1.2208443166764973
temporal,dynamic_no_cohort,dynamic_duration_days,3.4388121460116947
temporal,dynamic_no_cohort,dynamic_estimate,0.0
temporal,dynamic_no_cohort,dynamic_estimate_changes,0.7601398947257358
temporal,dynamic_no_cohort,dynamic_events_count,2.2769075103611125
temporal,dynamic_no_cohort,dynamic_events_in_sprint,1.5965710780350013
temporal,dynamic_no_cohort,dynamic_inactive_days,4.696683253017301
temporal,dynamic_no_cohort,dynamic_is_done,28.049147386242833
temporal,dynamic_no_cohort,dynamic_issue_type,1.018343625089162
temporal,dynamic_no_cohort,dynamic_priority,1.5245431040586426
temporal,dynamic_no_cohort,dynamic_priority_changes,0.4446845481653039
temporal,dynamic_no_cohort,dynamic_status,16.77931756405596
temporal,dynamic_no_cohort,dynamic_status_age_days,5.269798176755205
temporal,dynamic_no_cohort,dynamic_status_changes,1.8314355533251843
temporal,dynamic_no_cohort,dynamic_status_observed,0.18761676170782876
temporal,dynamic_no_cohort,static_age_days,4.1018595627443615
temporal,dynamic_no_cohort,static_assignee_changes,1.026900689795581
temporal,dynamic_no_cohort,static_duration_days,3.6632158787023372
temporal,dynamic_no_cohort,static_estimate,0.0
temporal,dynamic_no_cohort,static_estimate_changes,0.8756100420268342
temporal,dynamic_no_cohort,static_events_count,1.7442910187442457
temporal,dynamic_no_cohort,static_events_in_sprint,0.006887804649726004
temporal,dynamic_no_cohort,static_inactive_days,6.010842921205304
temporal,dynamic_no_cohort,static_is_done,0.11590595989899895
temporal,dynamic_no_cohort,static_issue_type,1.2021261443224327
temporal,dynamic_no_cohort,static_priority,1.8451527503446705
temporal,dynamic_no_cohort,static_priority_changes,0.4042198738285493
temporal,dynamic_no_cohort,static_status,2.6861070786410273
temporal,dynamic_no_cohort,static_status_age_days,2.6871254058037874
temporal,dynamic_no_cohort,static_status_changes,0.7060132847049376
temporal,dynamic_no_cohort,static_status_observed,0.13321905684550214
temporal,static_catboost,cohort_size,8.258258483766957
temporal,static_catboost,static_age_days,13.05790551756626
temporal,static_catboost,static_assignee_changes,3.035604663655841
temporal,static_catboost,static_cohort_done_fraction,4.138521914560263
temporal,static_catboost,static_duration_days,11.127536421770058
temporal,static_catboost,static_estimate,0.0
temporal,static_catboost,static_estimate_changes,2.6508852430259044
temporal,static_catboost,static_events_count,4.838725914335662
temporal,static_catboost,static_events_in_sprint,0.0103332227924661
temporal,static_catboost,static_inactive_days,12.091286781767936
temporal,static_catboost,static_is_done,4.337422323644338
temporal,static_catboost,static_issue_type,3.6600291197308477
temporal,static_catboost,static_priority,5.005632869073464
temporal,static_catboost,static_priority_changes,1.2059248500227557
temporal,static_catboost,static_status,12.364938098184036
temporal,static_catboost,static_status_age_days,10.935334272483683
temporal,static_catboost,static_status_changes,2.3866080531405625
temporal,static_catboost,static_status_observed,0.8950522504789828
