experiment,landmark,scenario,n_units,delta,ci_low,ci_high
temporal,0.0,primary,336,0.006590042333442953,-0.00892880637737004,0.020407472495011316
temporal,0.0,raw_ranking,336,0.006590042333442953,-0.00892880637737004,0.020407472495011316
temporal,0.0,floor,336,-0.0023380692877975487,-0.009271314622877124,0.003308572466181157
temporal,0.0,active_only,336,0.003652984269500247,-0.010995538095274652,0.01719855757574432
temporal,0.0,exclude_cancelled_removed,293,0.006594582438550386,-0.009142616464177524,0.02327333677167665
temporal,0.0,unseen_issue_ids,334,0.009614303296287154,-0.005665491527766978,0.026438327983596136
temporal,0.0,closed_only_label,377,4.359404226778244e-06,-0.0060837743434726185,0.006198642988679456
temporal,0.0,project_weighted_exploratory,14,0.005547345356346751,-0.019680746937122785,0.027767238639827108
temporal,0.25,primary,336,0.05761301493439901,0.03319391836333023,0.0827898402794537
temporal,0.25,raw_ranking,336,0.05761301493439901,0.03319391836333023,0.0827898402794537
temporal,0.25,floor,336,0.024213032100539357,0.006567090718400142,0.04338814076888866
temporal,0.25,active_only,336,0.022559535887074784,0.002720123017321042,0.044278032760782175
temporal,0.25,exclude_cancelled_removed,293,0.06463277839589698,0.037570764493176416,0.09053220900939382
temporal,0.25,unseen_issue_ids,334,0.059964534223796925,0.03601379288970985,0.08866103799870047
temporal,0.25,closed_only_label,377,0.006003559085368383,-0.004070350336797706,0.015829596987544062
temporal,0.25,project_weighted_exploratory,14,0.06532108471825922,0.028193776664861094,0.10492939169247652
temporal,0.5,primary,336,0.08896985774760562,0.06382129645752317,0.11697230189078797
temporal,0.5,raw_ranking,336,0.08896985774760562,0.06382129645752317,0.11697230189078797
temporal,0.5,floor,336,0.03818120648341087,0.021952763471131172,0.05668485403358564
temporal,0.5,active_only,335,0.025926907633782467,0.0067811701982790264,0.046909245558179595
temporal,0.5,exclude_cancelled_removed,293,0.10455592152497264,0.07180953823603853,0.13772720377710318
temporal,0.5,unseen_issue_ids,334,0.08951774075107004,0.06406963276137315,0.1180286604346007
temporal,0.5,closed_only_label,377,0.018662375113059185,0.008338359909650745,0.030392090831632565
temporal,0.5,project_weighted_exploratory,14,0.09991766613577034,0.06110575673897806,0.14922719672600515
temporal,0.75,primary,336,0.10089761253250325,0.07230771976073232,0.13236996254390557
temporal,0.75,raw_ranking,336,0.10089761253250325,0.07230771976073232,0.13236996254390557
temporal,0.75,floor,336,0.045270397054744296,0.027587494194685574,0.06531359798645156
temporal,0.75,active_only,335,-0.0021455049681564156,-0.018860416373695565,0.013082243164113215
temporal,0.75,exclude_cancelled_removed,293,0.12615046274408723,0.09055936539544983,0.1628774067686644
temporal,0.75,unseen_issue_ids,334,0.10466523796443551,0.07486762239189151,0.13705927252529015
temporal,0.75,closed_only_label,377,0.013847668129275448,-0.000864463271611002,0.028453599245167726
temporal,0.75,project_weighted_exploratory,14,0.1092961331227544,0.06769746222069875,0.16392341614633665
cross_project,0.0,primary,14,0.006672167685035099,-0.0034362269387341144,0.01934217477932386
cross_project,0.0,raw_ranking,14,0.006672167685035099,-0.0034362269387341144,0.01934217477932386
cross_project,0.0,floor,14,-0.0005753733566557179,-0.00377087245636495,0.002175935941516491
cross_project,0.0,active_only,14,0.005536533356051841,-0.003944414004364648,0.017779281527657165
cross_project,0.0,exclude_cancelled_removed,14,0.002839697251484151,-0.004540914217335092,0.01026045446138031
cross_project,0.0,unseen_issue_ids,14,0.006672167685035099,-0.0034362269387341144,0.01934217477932386
cross_project,0.0,closed_only_label,14,-0.0018937220077799102,-0.00526758638786555,0.0011738593583637646
cross_project,0.25,primary,14,0.04701221514990596,0.03129250210235871,0.0630372317011934
cross_project,0.25,raw_ranking,14,0.04701221514990596,0.03129250210235871,0.0630372317011934
cross_project,0.25,floor,14,0.030683225907801807,0.01989552952813556,0.04129353903911299
cross_project,0.25,active_only,14,0.008088782259683855,-0.0022814477919908586,0.018586577484162273
cross_project,0.25,exclude_cancelled_removed,14,0.04365486964957512,0.02971632182290893,0.05840128556802295
cross_project,0.25,unseen_issue_ids,14,0.04701221514990596,0.03129250210235871,0.0630372317011934
cross_project,0.25,closed_only_label,14,0.005030403157708256,-0.0002604556044168267,0.010614947705368083
cross_project,0.5,primary,14,0.09958270671078338,0.07532080150857551,0.12817058580548085
cross_project,0.5,raw_ranking,14,0.09958270671078338,0.07532080150857551,0.12817058580548085
cross_project,0.5,floor,14,0.060936750720150555,0.043437192289256465,0.080901078985077
cross_project,0.5,active_only,14,0.020280058232968405,0.00731866592863971,0.03577719181134636
cross_project,0.5,exclude_cancelled_removed,14,0.1027196933572174,0.07571690810817695,0.1373100727855825
cross_project,0.5,unseen_issue_ids,14,0.09958270671078338,0.07532080150857551,0.12817058580548085
cross_project,0.5,closed_only_label,14,0.019517121705883763,0.003181617838910863,0.03808611050896719
cross_project,0.75,primary,14,0.1571456021153179,0.1147222001594814,0.20492325827241387
cross_project,0.75,raw_ranking,14,0.1571456021153179,0.1147222001594814,0.20492325827241387
cross_project,0.75,floor,14,0.0985262656587188,0.06615082716760752,0.13623457156254717
cross_project,0.75,active_only,14,0.01784597816719915,0.00495898825901738,0.03239010686959377
cross_project,0.75,exclude_cancelled_removed,14,0.18234522026057748,0.1321911337384654,0.24094409914600806
cross_project,0.75,unseen_issue_ids,14,0.1571456021153179,0.1147222001594814,0.20492325827241387
cross_project,0.75,closed_only_label,14,0.036454393379263886,0.013251638801050456,0.06427483768545363
