experiment,landmark,model,calibration,n,prevalence,brier,ap,roc_auc,calibration_intercept,calibration_slope,ap_macro_project,brier_macro_project
cross_project,0.0,business_rule,raw,18322,0.47211003165593274,0.25793206395156115,0.46723671325795724,0.5007898671811128,-0.1461260374269911,0.31373836510454506,0.48315681978097363,0.2566498763864522
cross_project,0.0,business_rule,sigmoid,18322,0.47211003165593274,0.2526306052138583,0.4699704852393123,0.5062658015270824,-0.10477278448493157,0.413367981390363,0.48315681978097363,0.2566797940701638
cross_project,0.0,dynamic_catboost,raw,18322,0.47211003165593274,0.22585034342875565,0.6525912073530712,0.6933395547363941,0.17756669088449986,0.6716064343361606,0.6353324740408911,0.21309821329646603
cross_project,0.0,dynamic_catboost,sigmoid,18322,0.47211003165593274,0.2243314492541731,0.649532511012718,0.6806534744235191,-0.07949379493973824,0.7295144308166303,0.6353324740408911,0.22436392899493635
cross_project,0.0,dynamic_no_cohort,raw,18322,0.47211003165593274,0.22075169581614126,0.6671289398217498,0.703919549668431,0.18016727674734004,0.7333842186965779,0.6400397789073333,0.20924191084440838
cross_project,0.0,dynamic_no_cohort,sigmoid,18322,0.47211003165593274,0.22027296706507832,0.6624410948762897,0.6924107189814349,-0.05944776816734665,0.7601763777440754,0.6400397789073333,0.2205825545293407
cross_project,0.0,frequency,raw,18322,0.47211003165593274,0.2542354143548449,0.4143939355761647,0.41315000215149383,-0.6245600118524526,-2.717077053782071,0.4486248350262959,0.25118232906883814
cross_project,0.0,frequency,sigmoid,18322,0.47211003165593274,0.26031707132914567,0.45926044010146044,0.4731637597594152,-0.11275441475106186,-0.4351081842215323,0.4486248350262959,0.2661813885969754
cross_project,0.0,static_catboost,raw,18322,0.47211003165593274,0.22574001758880338,0.6524073145633624,0.6930882483015152,0.17266274115485986,0.6711061225571385,0.6359058354138453,0.2117843060048923
cross_project,0.0,static_catboost,sigmoid,18322,0.47211003165593274,0.22405584420059682,0.6490393595078228,0.6809652497884364,-0.0901381761772202,0.737148900204799,0.6359058354138453,0.2237233855079031
cross_project,0.0,static_lr,raw,18322,0.47211003165593274,0.23127659562241357,0.6433407493350896,0.667673517979317,0.13660399700802836,0.5663722455369111,0.6170112204793615,0.21853810928647083
cross_project,0.0,static_lr,sigmoid,18322,0.47211003165593274,0.22587255976213985,0.6473417066076136,0.6652044755853258,-0.10251083258612109,0.7570685193520938,0.6170112204793615,0.2258723515158869
cross_project,0.25,business_rule,raw,18322,0.47211003165593274,0.20359084800665178,0.5715022740313805,0.6858412938605928,-0.01247624847107671,0.6367303862309904,0.5570846808327824,0.20139173511082184
cross_project,0.25,business_rule,sigmoid,18322,0.47211003165593274,0.2087510032770693,0.5705002627904654,0.6752922684873085,-0.04469912279533398,0.751627012958064,0.5570846808327824,0.2108483582181134
cross_project,0.25,dynamic_catboost,raw,18322,0.47211003165593274,0.17874151078861938,0.7499413976422262,0.8029260734759057,0.19394257072021642,0.8169762370613014,0.718832509573715,0.16729611040961762
cross_project,0.25,dynamic_catboost,sigmoid,18322,0.47211003165593274,0.17857187335673466,0.7490150458939209,0.7985750357387035,-0.0009677069500964534,0.8609002131115947,0.718832509573715,0.17308609218297408
cross_project,0.25,dynamic_no_cohort,raw,18322,0.47211003165593274,0.1779023068725478,0.7504994648300716,0.8031339257113077,0.17229563317874647,0.8299956189961218,0.7160857600102071,0.1672882245187385
cross_project,0.25,dynamic_no_cohort,sigmoid,18322,0.47211003165593274,0.17900915884548582,0.7459598233472695,0.7966588615250745,-0.015523940568339145,0.8649289811449112,0.7160857600102071,0.17414100331256469
cross_project,0.25,frequency,raw,18322,0.47211003165593274,0.2542354143548449,0.4143939355761647,0.41315000215149383,-0.6245600118524526,-2.717077053782071,0.4486248350262959,0.25118232906883814
cross_project,0.25,frequency,sigmoid,18322,0.47211003165593274,0.26031707132914567,0.45926044010146044,0.4731637597594152,-0.11275441475106186,-0.4351081842215323,0.4486248350262959,0.2661813885969754
cross_project,0.25,static_catboost,raw,18322,0.47211003165593274,0.22574001758880338,0.6524073145633624,0.6930882483015152,0.17266274115485986,0.6711061225571385,0.6359058354138453,0.2117843060048923
cross_project,0.25,static_catboost,sigmoid,18322,0.47211003165593274,0.22405584420059682,0.6490393595078228,0.6809652497884364,-0.0901381761772202,0.737148900204799,0.6359058354138453,0.2237233855079031
cross_project,0.25,static_lr,raw,18322,0.47211003165593274,0.23127659562241357,0.6433407493350896,0.667673517979317,0.13660399700802836,0.5663722455369111,0.6170112204793615,0.21853810928647083
cross_project,0.25,static_lr,sigmoid,18322,0.47211003165593274,0.22587255976213985,0.6473417066076136,0.6652044755853258,-0.10251083258612109,0.7570685193520938,0.6170112204793615,0.2258723515158869
cross_project,0.5,business_rule,raw,18322,0.47211003165593274,0.15778873047366784,0.6910532045286522,0.8081787126416998,0.13717120379293996,0.7618417717003931,0.6537479865890307,0.15843181503043594
cross_project,0.5,business_rule,sigmoid,18322,0.47211003165593274,0.16331154305288947,0.6833367549800824,0.792983906825973,-0.009679460615417702,0.7878794997455613,0.653747978911832,0.16575635638042038
cross_project,0.5,dynamic_catboost,raw,18322,0.47211003165593274,0.13741385569466197,0.8362154457996411,0.8766511520054314,0.197554967898161,0.8898755767257128,0.8035417445980226,0.12945990913893188
cross_project,0.5,dynamic_catboost,sigmoid,18322,0.47211003165593274,0.1380831080283859,0.831313135283623,0.8729566067595155,-0.004048830425311832,0.917989744991461,0.8035417445980226,0.13393394919474716
cross_project,0.5,dynamic_no_cohort,raw,18322,0.47211003165593274,0.1396377520374646,0.8291576836773538,0.8730125515760887,0.2222054725850856,0.8670822817970396,0.8025496249072264,0.13072314312616165
cross_project,0.5,dynamic_no_cohort,sigmoid,18322,0.47211003165593274,0.14030176274454792,0.822073099041937,0.8682502916469446,0.0253988630413672,0.9083060565623161,0.8025496249072264,0.13629804365595158
cross_project,0.5,frequency,raw,18322,0.47211003165593274,0.2542354143548449,0.4143939355761647,0.41315000215149383,-0.6245600118524526,-2.717077053782071,0.4486248350262959,0.25118232906883814
cross_project,0.5,frequency,sigmoid,18322,0.47211003165593274,0.26031707132914567,0.45926044010146044,0.4731637597594152,-0.11275441475106186,-0.4351081842215323,0.4486248350262959,0.2661813885969754
cross_project,0.5,static_catboost,raw,18322,0.47211003165593274,0.22574001758880338,0.6524073145633624,0.6930882483015152,0.17266274115485986,0.6711061225571385,0.6359058354138453,0.2117843060048923
cross_project,0.5,static_catboost,sigmoid,18322,0.47211003165593274,0.22405584420059682,0.6490393595078228,0.6809652497884364,-0.0901381761772202,0.737148900204799,0.6359058354138453,0.2237233855079031
cross_project,0.5,static_lr,raw,18322,0.47211003165593274,0.23127659562241357,0.6433407493350896,0.667673517979317,0.13660399700802836,0.5663722455369111,0.6170112204793615,0.21853810928647083
cross_project,0.5,static_lr,sigmoid,18322,0.47211003165593274,0.22587255976213985,0.6473417066076136,0.6652044755853258,-0.10251083258612109,0.7570685193520938,0.6170112204793615,0.2258723515158869
cross_project,0.75,business_rule,raw,18322,0.47211003165593274,0.10780417325444129,0.8163288764913071,0.9001165751086505,0.44691684396177295,0.9128448999682253,0.7682736134034333,0.11173375707430101
cross_project,0.75,business_rule,sigmoid,18322,0.47211003165593274,0.105158066590703,0.8102095514124208,0.8920128778859899,0.07615401913136916,0.8403578365603002,0.7682736134034333,0.10828410148070636
cross_project,0.75,dynamic_catboost,raw,18322,0.47211003165593274,0.08886295746874442,0.9080826087240271,0.9372434642397816,0.13550136262447823,0.9081853093452057,0.8770402664493436,0.08604088021408687
cross_project,0.75,dynamic_catboost,sigmoid,18322,0.47211003165593274,0.09057314836192183,0.9006719588989233,0.9335109809855753,-0.012562705991137709,0.9369000368890825,0.8770402664493436,0.0899993861500162
cross_project,0.75,dynamic_no_cohort,raw,18322,0.47211003165593274,0.09112453619597619,0.9031821468622527,0.9350257163279259,0.1995824801524846,0.8782157043890828,0.8766605081705395,0.08649317548889339
cross_project,0.75,dynamic_no_cohort,sigmoid,18322,0.47211003165593274,0.09272604781090323,0.8957266473575397,0.9308437501494093,0.027428351357632476,0.9196208610853923,0.8766605081705395,0.091025193729217
cross_project,0.75,frequency,raw,18322,0.47211003165593274,0.2542354143548449,0.4143939355761647,0.41315000215149383,-0.6245600118524526,-2.717077053782071,0.4486248350262959,0.25118232906883814
cross_project,0.75,frequency,sigmoid,18322,0.47211003165593274,0.26031707132914567,0.45926044010146044,0.4731637597594152,-0.11275441475106186,-0.4351081842215323,0.4486248350262959,0.2661813885969754
cross_project,0.75,static_catboost,raw,18322,0.47211003165593274,0.22574001758880338,0.6524073145633624,0.6930882483015152,0.17266274115485986,0.6711061225571385,0.6359058354138453,0.2117843060048923
cross_project,0.75,static_catboost,sigmoid,18322,0.47211003165593274,0.22405584420059682,0.6490393595078228,0.6809652497884364,-0.0901381761772202,0.737148900204799,0.6359058354138453,0.2237233855079031
cross_project,0.75,static_lr,raw,18322,0.47211003165593274,0.23127659562241357,0.6433407493350896,0.667673517979317,0.13660399700802836,0.5663722455369111,0.6170112204793615,0.21853810928647083
cross_project,0.75,static_lr,sigmoid,18322,0.47211003165593274,0.22587255976213985,0.6473417066076136,0.6652044755853258,-0.10251083258612109,0.7570685193520938,0.6170112204793615,0.2258723515158869
temporal,0.0,business_rule,raw,3293,0.5718190100212572,0.2315984435801277,0.5887487233546451,0.5542794243379547,0.3309308529228178,0.5439448389015981,0.5856398837037299,0.23766667375985845
temporal,0.0,business_rule,sigmoid,3293,0.5718190100212572,0.20052431030106163,0.7162698250838957,0.7164826762786108,0.08701964747011035,0.961613855845514,0.5738261249971058,0.21772538089799598
temporal,0.0,dynamic_catboost,raw,3293,0.5718190100212572,0.21760513605236784,0.7616907344150129,0.7407547184024286,0.46047752666831543,0.6436560394300297,0.6514679793367446,0.23540489188883135
temporal,0.0,dynamic_catboost,sigmoid,3293,0.5718190100212572,0.18866569757791862,0.8003733628437961,0.775141900468168,0.006189967838604568,0.9220532823203026,0.6514679793367446,0.20959062120337252
temporal,0.0,dynamic_no_cohort,raw,3293,0.5718190100212572,0.2369985214823418,0.743889263513031,0.7265192860344327,0.6180648910029762,0.6367135182072616,0.6566495606687716,0.2420015895703846
temporal,0.0,dynamic_no_cohort,sigmoid,3293,0.5718190100212572,0.1921346834188922,0.7824622740416226,0.7649090594079915,0.10463885528206691,0.9448830149632651,0.6566495606687716,0.21160641512924655
temporal,0.0,frequency,raw,3293,0.5718190100212572,0.26478930446981624,0.6570705779736188,0.6194056187689028,0.6240985985096354,0.7401248493128089,0.5147814446171534,0.24452620223034846
temporal,0.0,frequency,sigmoid,3293,0.5718190100212572,0.22272736573590687,0.6793298841719441,0.6598605288829128,0.06423154752961073,0.8778728733524098,0.5147814446171534,0.22933092269351474
temporal,0.0,static_catboost,raw,3293,0.5718190100212572,0.21877612722408513,0.7633070461269851,0.7399810924923635,0.49467785529533337,0.6590458879485332,0.6571097521545742,0.230673085066243
temporal,0.0,static_catboost,sigmoid,3293,0.5718190100212572,0.18941328090936005,0.7908108784308413,0.7713114352756842,0.027688103532941388,0.8816942369560997,0.6571097521545742,0.2084694798890794
temporal,0.0,static_lr,raw,3293,0.5718190100212572,0.19557897472021918,0.7824514340411193,0.771648531278366,0.3710308277071138,0.6886929673665944,0.6578377665000649,0.21018428207665626
temporal,0.0,static_lr,sigmoid,3293,0.5718190100212572,0.18584053221209465,0.799790343976306,0.7784092835109209,-0.02096979724869224,0.8618109810415683,0.6578377665000649,0.20703164429002105
temporal,0.25,business_rule,raw,3293,0.5718190100212572,0.17669429713139098,0.7175019957707982,0.7522660760895357,0.5338369138289585,0.9180772162770087,0.6670590253947537,0.18635031605976024
temporal,0.25,business_rule,sigmoid,3293,0.5718190100212572,0.15029585769909498,0.8211628126709399,0.8354913127158637,0.12178465886178284,1.0426501271229653,0.6670590253947537,0.1727841544862758
temporal,0.25,dynamic_catboost,raw,3293,0.5718190100212572,0.16496337305276185,0.8421809694358835,0.8471640621763219,0.6652514442245068,0.8202692761728898,0.7397900600054498,0.18170198657999662
temporal,0.25,dynamic_catboost,sigmoid,3293,0.5718190100212572,0.142784337778521,0.8689641577912282,0.8636505048907168,0.08368176161930445,0.9784000976301278,0.7397900600054498,0.1690046607699343
temporal,0.25,dynamic_no_cohort,raw,3293,0.5718190100212572,0.17002307756297955,0.8322722107064282,0.8388483369302796,0.6934469118425975,0.823790715576649,0.7348782957835704,0.1773961482779017
temporal,0.25,dynamic_no_cohort,sigmoid,3293,0.5718190100212572,0.14437935175823952,0.8632701873250923,0.8574778816058577,0.04677803574694195,0.9951176513064757,0.7348782957835704,0.16821201560875407
temporal,0.25,frequency,raw,3293,0.5718190100212572,0.26478930446981624,0.6570705779736188,0.6194056187689028,0.6240985985096354,0.7401248493128089,0.5147814446171534,0.24452620223034846
temporal,0.25,frequency,sigmoid,3293,0.5718190100212572,0.22272736573590687,0.6793298841719441,0.6598605288829128,0.06423154752961073,0.8778728733524098,0.5147814446171534,0.22933092269351474
temporal,0.25,static_catboost,raw,3293,0.5718190100212572,0.21877612722408513,0.7633070461269851,0.7399810924923635,0.49467785529533337,0.6590458879485332,0.6571097521545742,0.230673085066243
temporal,0.25,static_catboost,sigmoid,3293,0.5718190100212572,0.18941328090936005,0.7908108784308413,0.7713114352756842,0.027688103532941388,0.8816942369560997,0.6571097521545742,0.2084694798890794
temporal,0.25,static_lr,raw,3293,0.5718190100212572,0.19557897472021918,0.7824514340411193,0.771648531278366,0.3710308277071138,0.6886929673665944,0.6578377665000649,0.21018428207665626
temporal,0.25,static_lr,sigmoid,3293,0.5718190100212572,0.18584053221209465,0.799790343976306,0.7784092835109209,-0.02096979724869224,0.8618109810415683,0.6578377665000649,0.20703164429002105
temporal,0.5,business_rule,raw,3293,0.5718190100212572,0.1407457466299777,0.8110128698046417,0.8467303570957768,0.6204696339490796,1.0507414115671794,0.7516766794470685,0.14965656922243742
temporal,0.5,business_rule,sigmoid,3293,0.5718190100212572,0.12187246994769053,0.8631859266271136,0.8796444861263338,0.17937391133029346,0.9863768842318045,0.7516766794470685,0.1413380951071966
temporal,0.5,dynamic_catboost,raw,3293,0.5718190100212572,0.12787905345967293,0.8763587636076424,0.8894313811896664,0.5736258829997137,0.8654495593053496,0.8128394665226839,0.139426312305375
temporal,0.5,dynamic_catboost,sigmoid,3293,0.5718190100212572,0.1136932210218418,0.8999722772220984,0.9028278399867422,0.09022375934628055,1.0259546120690115,0.8128394665226839,0.1339654088440952
temporal,0.5,dynamic_no_cohort,raw,3293,0.5718190100212572,0.13830228772592365,0.8739428551695518,0.8844596859545844,0.7469798953336731,0.8643033184288035,0.8253179999486208,0.13966441532901241
temporal,0.5,dynamic_no_cohort,sigmoid,3293,0.5718190100212572,0.11551764124296787,0.8965805846867837,0.8985582083818262,0.07836434741467571,1.0658908410944252,0.8253179999486208,0.131053953771341
temporal,0.5,frequency,raw,3293,0.5718190100212572,0.26478930446981624,0.6570705779736188,0.6194056187689028,0.6240985985096354,0.7401248493128089,0.5147814446171534,0.24452620223034846
temporal,0.5,frequency,sigmoid,3293,0.5718190100212572,0.22272736573590687,0.6793298841719441,0.6598605288829128,0.06423154752961073,0.8778728733524098,0.5147814446171534,0.22933092269351474
temporal,0.5,static_catboost,raw,3293,0.5718190100212572,0.21877612722408513,0.7633070461269851,0.7399810924923635,0.49467785529533337,0.6590458879485332,0.6571097521545742,0.230673085066243
temporal,0.5,static_catboost,sigmoid,3293,0.5718190100212572,0.18941328090936005,0.7908108784308413,0.7713114352756842,0.027688103532941388,0.8816942369560997,0.6571097521545742,0.2084694798890794
temporal,0.5,static_lr,raw,3293,0.5718190100212572,0.19557897472021918,0.7824514340411193,0.771648531278366,0.3710308277071138,0.6886929673665944,0.6578377665000649,0.21018428207665626
temporal,0.5,static_lr,sigmoid,3293,0.5718190100212572,0.18584053221209465,0.799790343976306,0.7784092835109209,-0.02096979724869224,0.8618109810415683,0.6578377665000649,0.20703164429002105
temporal,0.75,business_rule,raw,3293,0.5718190100212572,0.09804734599448361,0.9082996121702824,0.9255392594433962,1.025487263334431,1.2315652990146382,0.8313696814348557,0.1138836356714397
temporal,0.75,business_rule,sigmoid,3293,0.5718190100212572,0.07182448622794019,0.9395377867615109,0.9474582208110643,0.26139746006877573,1.0024683803395795,0.8313696814348557,0.09234257990000896
temporal,0.75,dynamic_catboost,raw,3293,0.5718190100212572,0.09024685912832053,0.9161940616245059,0.9346090251334259,0.784405454429428,0.8385724809609462,0.88083572323129,0.09839316318095852
temporal,0.75,dynamic_catboost,sigmoid,3293,0.5718190100212572,0.07378176573171913,0.9479778934617336,0.9506099742752436,0.2721731595477611,0.9761039556774406,0.88083572323129,0.09288179852089913
temporal,0.75,dynamic_no_cohort,raw,3293,0.5718190100212572,0.09794484736179426,0.9116543115608918,0.9289441173922706,0.9287338180031519,0.8223429077433707,0.8799312943475991,0.09890614836278103
temporal,0.75,dynamic_no_cohort,sigmoid,3293,0.5718190100212572,0.07306007894263676,0.9403909722275532,0.9463785719935369,0.28831965851024166,0.9647756188857969,0.8799312943475991,0.08978609621320185
temporal,0.75,frequency,raw,3293,0.5718190100212572,0.26478930446981624,0.6570705779736188,0.6194056187689028,0.6240985985096354,0.7401248493128089,0.5147814446171534,0.24452620223034846
temporal,0.75,frequency,sigmoid,3293,0.5718190100212572,0.22272736573590687,0.6793298841719441,0.6598605288829128,0.06423154752961073,0.8778728733524098,0.5147814446171534,0.22933092269351474
temporal,0.75,static_catboost,raw,3293,0.5718190100212572,0.21877612722408513,0.7633070461269851,0.7399810924923635,0.49467785529533337,0.6590458879485332,0.6571097521545742,0.230673085066243
temporal,0.75,static_catboost,sigmoid,3293,0.5718190100212572,0.18941328090936005,0.7908108784308413,0.7713114352756842,0.027688103532941388,0.8816942369560997,0.6571097521545742,0.2084694798890794
temporal,0.75,static_lr,raw,3293,0.5718190100212572,0.19557897472021918,0.7824514340411193,0.771648531278366,0.3710308277071138,0.6886929673665944,0.6578377665000649,0.21018428207665626
temporal,0.75,static_lr,sigmoid,3293,0.5718190100212572,0.18584053221209465,0.799790343976306,0.7784092835109209,-0.02096979724869224,0.8618109810415683,0.6578377665000649,0.20703164429002105
