experiment,project,delta,static_recall,dynamic_recall
temporal,CONFCLOUD,0.02631578947368418,0.5043859649122807,0.5307017543859649
temporal,DM,0.03167900917703287,0.4148126183721088,0.4464916275491417
temporal,COMPASS,0.038461538461538436,0.5796703296703296,0.618131868131868
temporal,TIMOB,0.039141689068640906,0.3404630470119257,0.3796047360805666
temporal,CONFSERVER,0.041515151515151616,0.4644949494949494,0.506010101010101
temporal,MESOS,0.053968253968254,0.3139231139231139,0.3678913678913679
temporal,APIKIT,0.05555555555555547,0.8333333333333334,0.8888888888888888
temporal,NEXUS,0.0757575757575758,0.7272727272727273,0.8030303030303031
temporal,TIDOC,0.08333333333333337,0.4624999999999999,0.5458333333333333
temporal,IS,0.10839160839160833,0.2863636363636364,0.3947552447552447
temporal,TISTUD,0.1470588235294118,0.5509803921568628,0.6980392156862746
temporal,XD,0.1681818181818182,0.4233080808080808,0.591489898989899
temporal,INDY,0.17948717948717957,0.3525641025641025,0.532051282051282
temporal,MULE,0.35000000000000003,0.4222222222222222,0.7722222222222223
cross_project,CONFCLOUD,0.04829545454545453,0.4960497835497835,0.544345238095238
cross_project,COMPASS,0.05098335680083088,0.433721435235276,0.4847047920361069
cross_project,CONFSERVER,0.058069316436252016,0.520857032752194,0.578926349188446
cross_project,DM,0.06121429540375101,0.3576739545574456,0.4188882499611966
cross_project,MESOS,0.062304682198720485,0.3895932152330957,0.4518978974318162
cross_project,TIDOC,0.07600151171579739,0.4924517281660139,0.5684532398818113
cross_project,TIMOB,0.08221298001065247,0.4465868566857909,0.5287998366964434
cross_project,IS,0.08305194805194799,0.367577725304998,0.450629673356946
cross_project,INDY,0.09308187786448652,0.2866638507470265,0.379745728611513
cross_project,TISTUD,0.10803571428571429,0.4687957875457875,0.5768315018315018
cross_project,MULE,0.12455345117845118,0.4238542568542568,0.548407708032708
cross_project,NEXUS,0.13802083333333326,0.58359375,0.7216145833333333
cross_project,APIKIT,0.20119047619047614,0.5027777777777778,0.7039682539682539
cross_project,XD,0.20714199593509947,0.32865927176272,0.5358012676978194
