experiment,model,sprints,sprints_with_positive,recall_macro_sprint,precision_macro_sprint,false_alerts_per_sprint,realized_budget,recall_micro,precision_micro,lead_days_macro_sprint,recall_macro_project,precision_macro_project,recall_by_half_macro
temporal,frequency,397,336,0.44968560511184374,0.6899873015873016,0.5541561712846348,0.3690701595183791,0.31651619755708976,0.7303921568627451,8.14246571051567,0.49442550636577526,0.659841745448924,0.42262755966919563
temporal,business_rule,397,336,0.492797993178222,0.7381365079365078,0.44584382871536526,0.3690701595183791,0.33935209771641,0.7830882352941176,8.158165866984538,0.5362896572402612,0.7105713925940839,0.46304709660522264
temporal,static_lr,397,336,0.507856225505476,0.7655396825396825,0.40302267002518893,0.3690701595183791,0.348380244291025,0.803921568627451,8.178368306206531,0.5408141736188413,0.7133133255328704,0.47892996434219615
temporal,static_catboost,397,336,0.502669533459312,0.7660857142857143,0.38287153652392947,0.3690701595183791,0.35262878385554963,0.8137254901960784,8.23342688641232,0.5422419979382637,0.7215066551398291,0.47476789108074413
temporal,dynamic_catboost,397,336,0.5156282216145257,0.7766920634920634,0.35516372795969775,0.3686503442371029,0.35793945831120555,0.8269938650306748,8.300931638122782,0.5567598749901083,0.7352851894925957,0.48611836211292064
temporal,dynamic_no_cohort,397,336,0.5117891117913034,0.7711555555555556,0.35768261964735515,0.3686503442371029,0.3574083908656399,0.8257668711656442,8.36041480986944,0.551537981561398,0.7311923024149136,0.48406788198011386
cross_project,frequency,1962,1656,0.44813635063748564,0.6314706657437817,0.8073394495412844,0.3466538140290622,0.3289017341040462,0.6423571912395575,8.512538902453326,0.4558851492652071,0.6044817476326834,0.40248481809867764
cross_project,business_rule,1962,1656,0.4632869090599547,0.6488968170021081,0.7701325178389399,0.3467110705019659,0.3375722543352601,0.658993455201986,8.494262919482164,0.477883794320908,0.6282371478379817,0.417042626677881
cross_project,static_lr,1962,1656,0.49972832406730716,0.7024892872434293,0.6396534148827727,0.3467175373993605,0.36716763005780345,0.7167682238772286,8.718881934756816,0.5058096694330947,0.6725181371124439,0.456557127913106
cross_project,static_catboost,1962,1656,0.4961351277782101,0.6948239879960886,0.6401630988786952,0.3466380509666631,0.3667052023121387,0.7163504968383018,8.682388757982254,0.4985739363890446,0.6618834529893741,0.45133521209608
cross_project,dynamic_catboost,1962,1656,0.5074370949256166,0.7125430644538073,0.5973496432212029,0.34663634438238766,0.37653179190751446,0.7353804470535109,8.630026315656213,0.5173543750407671,0.683228022621441,0.4600503369781975
cross_project,dynamic_no_cohort,1962,1656,0.5030832961570876,0.7060038037857386,0.6136595310907238,0.3466755508436125,0.3729479768786127,0.728216704288939,8.6836747354796,0.5157831013900858,0.6790801934244072,0.45706904656515746
