project_id,project,sprints,instances,positive,negative
1,XD,66,1238,255,983
2,DATACASS,15,58,28,30
3,NEXUS,95,525,133,392
4,MESOS,122,1268,725,543
5,USERGRID,33,350,63,287
6,MXNET,22,121,72,49
7,ALOY,30,109,24,85
8,APSTUD,7,11,2,9
9,CLI,40,117,49,68
10,DAEMON,13,25,11,14
11,TIDOC,157,786,352,434
12,TIMOB,230,2733,1467,1266
13,TISTUD,119,836,268,568
14,BAM,7,29,17,12
15,CLOV,31,78,26,52
16,CWD,19,67,30,37
17,FE,67,171,82,89
18,JRASERVER,28,189,108,81
19,JSWCLOUD,28,191,30,161
20,JSWSERVER,28,228,30,198
21,CONFCLOUD,101,367,244,123
22,CONFSERVER,289,1019,708,311
23,BE,39,267,95,172
24,FAB,45,210,132,78
25,INDY,71,850,406,444
26,IS,65,643,306,337
27,STL,22,582,228,354
28,DM,288,5222,2824,2398
29,DURACLOUD,3,16,0,16
30,COMPASS,70,729,416,313
31,CXX,36,279,90,189
32,JAVA,24,154,40,114
33,SERVER,0,0,0,0
34,MDL,47,545,326,219
35,APIKIT,75,299,78,221
36,MULE,214,1807,468,1339
42,DNN,0,0,0,0
43,EVG,0,0,0,0
44,JRACLOUD,9,28,14,14
